punto_id,fecha,parametro,calificador,valor,unidad,ld,valor_original,unidad_original,fuente,campania_id
PZ-1,2007-07-03,calcio,,500.0,mg/L,,500,mg/l,"estudio hidrogeológico 2021 p.70 Tabla 10 (reproducida como IMAGEN en IIA (Salta, ago-2024), cap. 2a p.128 Tabla 35, no legible como texto); fecha/protocolo: informes técnicos de pozos 2007 (anexo de la respuesta a observaciones de Catamarca, 2025)",PUNA-2007-07
PZ-1,2007-07-03,cloruros,,10200.0,mg/L,,10200,mg/l,"estudio hidrogeológico 2021 p.70 Tabla 10 (reproducida como IMAGEN en IIA (Salta, ago-2024), cap. 2a p.128 Tabla 35, no legible como texto); fecha/protocolo: informes técnicos de pozos 2007 (anexo de la respuesta a observaciones de Catamarca, 2025)",PUNA-2007-07
PZ-1,2007-07-03,dureza,,3470.0,mg/L,,3470,mg/l de Ca y Mg como CaCO3,"estudio hidrogeológico 2021 p.70 Tabla 10 (reproducida como IMAGEN en IIA (Salta, ago-2024), cap. 2a p.128 Tabla 35, no legible como texto); fecha/protocolo: informes técnicos de pozos 2007 (anexo de la respuesta a observaciones de Catamarca, 2025)",PUNA-2007-07
PZ-1,2007-07-03,hierro,,3.3,mg/L,,3.3,mg/l,"estudio hidrogeológico 2021 p.70 Tabla 10 (reproducida como IMAGEN en IIA (Salta, ago-2024), cap. 2a p.128 Tabla 35, no legible como texto); fecha/protocolo: informes técnicos de pozos 2007 (anexo de la respuesta a observaciones de Catamarca, 2025)",PUNA-2007-07
PZ-1,2007-07-03,magnesio,,540.0,mg/L,,540,mg/l,"estudio hidrogeológico 2021 p.70 Tabla 10 (reproducida como IMAGEN en IIA (Salta, ago-2024), cap. 2a p.128 Tabla 35, no legible como texto); fecha/protocolo: informes técnicos de pozos 2007 (anexo de la respuesta a observaciones de Catamarca, 2025)",PUNA-2007-07
PZ-1,2007-07-03,manganeso,,0.2,mg/L,,0.2,mg/l,"estudio hidrogeológico 2021 p.70 Tabla 10 (reproducida como IMAGEN en IIA (Salta, ago-2024), cap. 2a p.128 Tabla 35, no legible como texto); fecha/protocolo: informes técnicos de pozos 2007 (anexo de la respuesta a observaciones de Catamarca, 2025)",PUNA-2007-07
PZ-1,2007-07-03,nitratos,,2.2,mg/L,,2.2,mg/l de NO3-,"estudio hidrogeológico 2021 p.70 Tabla 10 (reproducida como IMAGEN en IIA (Salta, ago-2024), cap. 2a p.128 Tabla 35, no legible como texto); fecha/protocolo: informes técnicos de pozos 2007 (anexo de la respuesta a observaciones de Catamarca, 2025)",PUNA-2007-07
PZ-1,2007-07-03,nitritos,,0.02,mg/L,,0.02,mg/l de NO2-,"estudio hidrogeológico 2021 p.70 Tabla 10 (reproducida como IMAGEN en IIA (Salta, ago-2024), cap. 2a p.128 Tabla 35, no legible como texto); fecha/protocolo: informes técnicos de pozos 2007 (anexo de la respuesta a observaciones de Catamarca, 2025)",PUNA-2007-07
PZ-1,2007-07-03,ph,,8.1,upH,,8.1,,"estudio hidrogeológico 2021 p.70 Tabla 10 (reproducida como IMAGEN en IIA (Salta, ago-2024), cap. 2a p.128 Tabla 35, no legible como texto); fecha/protocolo: informes técnicos de pozos 2007 (anexo de la respuesta a observaciones de Catamarca, 2025)",PUNA-2007-07
PZ-1,2007-07-03,potasio,,520.0,mg/L,,520,mg/l,"estudio hidrogeológico 2021 p.70 Tabla 10 (reproducida como IMAGEN en IIA (Salta, ago-2024), cap. 2a p.128 Tabla 35, no legible como texto); fecha/protocolo: informes técnicos de pozos 2007 (anexo de la respuesta a observaciones de Catamarca, 2025)",PUNA-2007-07
PZ-1,2007-07-03,sodio,,4700.0,mg/L,,4700,mg/l,"estudio hidrogeológico 2021 p.70 Tabla 10 (reproducida como IMAGEN en IIA (Salta, ago-2024), cap. 2a p.128 Tabla 35, no legible como texto); fecha/protocolo: informes técnicos de pozos 2007 (anexo de la respuesta a observaciones de Catamarca, 2025)",PUNA-2007-07
PZ-1,2007-07-03,sulfatos,,1000.0,mg/L,,1000,mg/l,"estudio hidrogeológico 2021 p.70 Tabla 10 (reproducida como IMAGEN en IIA (Salta, ago-2024), cap. 2a p.128 Tabla 35, no legible como texto); fecha/protocolo: informes técnicos de pozos 2007 (anexo de la respuesta a observaciones de Catamarca, 2025)",PUNA-2007-07
PZ-1,2007-07-03,turbidez,,29.8,NTU,,29.8,NTU,"estudio hidrogeológico 2021 p.70 Tabla 10 (reproducida como IMAGEN en IIA (Salta, ago-2024), cap. 2a p.128 Tabla 35, no legible como texto); fecha/protocolo: informes técnicos de pozos 2007 (anexo de la respuesta a observaciones de Catamarca, 2025)",PUNA-2007-07
PZ-2,2007-10-25,arsenico,,0.005,mg/L,,5,μg/l,"informe técnico del pozo N.º 2 (consultora hidrogeológica, jun-2007) p.5, protocolo de laboratorio (anexo de la respuesta a observaciones de Catamarca, 2025) - NO reproducido en el IIA",PUNA-2007-10
PZ-2,2007-10-25,calcio,,91.0,mg/L,,91,mg/l,"informe técnico del pozo N.º 2 (consultora hidrogeológica, jun-2007) p.5, protocolo de laboratorio (anexo de la respuesta a observaciones de Catamarca, 2025) - NO reproducido en el IIA",PUNA-2007-10
PZ-2,2007-10-25,cloruros,,250.0,mg/L,,250,mg/l,"informe técnico del pozo N.º 2 (consultora hidrogeológica, jun-2007) p.5, protocolo de laboratorio (anexo de la respuesta a observaciones de Catamarca, 2025) - NO reproducido en el IIA",PUNA-2007-10
PZ-2,2007-10-25,conductividad,,1078.0,µS/cm,,1078,μS/cm,"informe técnico del pozo N.º 2 (consultora hidrogeológica, jun-2007) p.5, protocolo de laboratorio (anexo de la respuesta a observaciones de Catamarca, 2025) - NO reproducido en el IIA",PUNA-2007-10
PZ-2,2007-10-25,dureza,,300.0,mg/L,,300,mg/l de Ca y Mg como CaCO3,"informe técnico del pozo N.º 2 (consultora hidrogeológica, jun-2007) p.5, protocolo de laboratorio (anexo de la respuesta a observaciones de Catamarca, 2025) - NO reproducido en el IIA",PUNA-2007-10
PZ-2,2007-10-25,hierro,,2.0,mg/L,,2,mg/l,"informe técnico del pozo N.º 2 (consultora hidrogeológica, jun-2007) p.5, protocolo de laboratorio (anexo de la respuesta a observaciones de Catamarca, 2025) - NO reproducido en el IIA",PUNA-2007-10
PZ-2,2007-10-25,magnesio,,17.0,mg/L,,17,mg/l,"informe técnico del pozo N.º 2 (consultora hidrogeológica, jun-2007) p.5, protocolo de laboratorio (anexo de la respuesta a observaciones de Catamarca, 2025) - NO reproducido en el IIA",PUNA-2007-10
PZ-2,2007-10-25,manganeso,,0.6,mg/L,,0.6,mg/l,"informe técnico del pozo N.º 2 (consultora hidrogeológica, jun-2007) p.5, protocolo de laboratorio (anexo de la respuesta a observaciones de Catamarca, 2025) - NO reproducido en el IIA",PUNA-2007-10
PZ-2,2007-10-25,nitratos,,13.0,mg/L,,13,mg/l de NO3-,"informe técnico del pozo N.º 2 (consultora hidrogeológica, jun-2007) p.5, protocolo de laboratorio (anexo de la respuesta a observaciones de Catamarca, 2025) - NO reproducido en el IIA",PUNA-2007-10
PZ-2,2007-10-25,nitritos,,0.08,mg/L,,0.08,mg/l de NO2-,"informe técnico del pozo N.º 2 (consultora hidrogeológica, jun-2007) p.5, protocolo de laboratorio (anexo de la respuesta a observaciones de Catamarca, 2025) - NO reproducido en el IIA",PUNA-2007-10
PZ-2,2007-10-25,ph,,7.7,upH,,7.7,,"informe técnico del pozo N.º 2 (consultora hidrogeológica, jun-2007) p.5, protocolo de laboratorio (anexo de la respuesta a observaciones de Catamarca, 2025) - NO reproducido en el IIA",PUNA-2007-10
PZ-2,2007-10-25,potasio,,16.0,mg/L,,16,mg/l,"informe técnico del pozo N.º 2 (consultora hidrogeológica, jun-2007) p.5, protocolo de laboratorio (anexo de la respuesta a observaciones de Catamarca, 2025) - NO reproducido en el IIA",PUNA-2007-10
PZ-2,2007-10-25,sdt,,540.0,mg/L,,540,mg/l,"informe técnico del pozo N.º 2 (consultora hidrogeológica, jun-2007) p.5, protocolo de laboratorio (anexo de la respuesta a observaciones de Catamarca, 2025) - NO reproducido en el IIA",PUNA-2007-10
PZ-2,2007-10-25,sodio,,180.0,mg/L,,180,mg/l,"informe técnico del pozo N.º 2 (consultora hidrogeológica, jun-2007) p.5, protocolo de laboratorio (anexo de la respuesta a observaciones de Catamarca, 2025) - NO reproducido en el IIA",PUNA-2007-10
PZ-2,2007-10-25,sulfatos,,150.0,mg/L,,150,mg/l,"informe técnico del pozo N.º 2 (consultora hidrogeológica, jun-2007) p.5, protocolo de laboratorio (anexo de la respuesta a observaciones de Catamarca, 2025) - NO reproducido en el IIA",PUNA-2007-10
PZ-2,2007-10-25,turbidez,,31.6,NTU,,31.6,NTU,"informe técnico del pozo N.º 2 (consultora hidrogeológica, jun-2007) p.5, protocolo de laboratorio (anexo de la respuesta a observaciones de Catamarca, 2025) - NO reproducido en el IIA",PUNA-2007-10
PZ-3,2007-10-30,arsenico,,0.006,mg/L,,6,μg/l,"informe técnico del pozo N.º 3 (consultora hidrogeológica, nov-2007) p.5, protocolo de laboratorio (anexo de la respuesta a observaciones de Catamarca, 2025) - NO reproducido en el IIA",PUNA-2007-10
PZ-3,2007-10-30,calcio,,202.0,mg/L,,202,mg/l,"informe técnico del pozo N.º 3 (consultora hidrogeológica, nov-2007) p.5, protocolo de laboratorio (anexo de la respuesta a observaciones de Catamarca, 2025) - NO reproducido en el IIA",PUNA-2007-10
PZ-3,2007-10-30,cloruros,,650.0,mg/L,,650,mg/l,"informe técnico del pozo N.º 3 (consultora hidrogeológica, nov-2007) p.5, protocolo de laboratorio (anexo de la respuesta a observaciones de Catamarca, 2025) - NO reproducido en el IIA",PUNA-2007-10
PZ-3,2007-10-30,conductividad,,2650.0,µS/cm,,2650,μS/cm,"informe técnico del pozo N.º 3 (consultora hidrogeológica, nov-2007) p.5, protocolo de laboratorio (anexo de la respuesta a observaciones de Catamarca, 2025) - NO reproducido en el IIA",PUNA-2007-10
PZ-3,2007-10-30,dureza,,836.0,mg/L,,836,mg/l de Ca y Mg como CaCO3,"informe técnico del pozo N.º 3 (consultora hidrogeológica, nov-2007) p.5, protocolo de laboratorio (anexo de la respuesta a observaciones de Catamarca, 2025) - NO reproducido en el IIA",PUNA-2007-10
PZ-3,2007-10-30,hierro,,8.0,mg/L,,8,mg/l,"informe técnico del pozo N.º 3 (consultora hidrogeológica, nov-2007) p.5, protocolo de laboratorio (anexo de la respuesta a observaciones de Catamarca, 2025) - NO reproducido en el IIA",PUNA-2007-10
PZ-3,2007-10-30,magnesio,,80.0,mg/L,,80,mg/l,"informe técnico del pozo N.º 3 (consultora hidrogeológica, nov-2007) p.5, protocolo de laboratorio (anexo de la respuesta a observaciones de Catamarca, 2025) - NO reproducido en el IIA",PUNA-2007-10
PZ-3,2007-10-30,manganeso,,2.4,mg/L,,2.4,mg/l,"informe técnico del pozo N.º 3 (consultora hidrogeológica, nov-2007) p.5, protocolo de laboratorio (anexo de la respuesta a observaciones de Catamarca, 2025) - NO reproducido en el IIA",PUNA-2007-10
PZ-3,2007-10-30,nitratos,,5.0,mg/L,,5,mg/l de NO3-,"informe técnico del pozo N.º 3 (consultora hidrogeológica, nov-2007) p.5, protocolo de laboratorio (anexo de la respuesta a observaciones de Catamarca, 2025) - NO reproducido en el IIA",PUNA-2007-10
PZ-3,2007-10-30,nitritos,,0.06,mg/L,,0.06,mg/l de NO2-,"informe técnico del pozo N.º 3 (consultora hidrogeológica, nov-2007) p.5, protocolo de laboratorio (anexo de la respuesta a observaciones de Catamarca, 2025) - NO reproducido en el IIA",PUNA-2007-10
PZ-3,2007-10-30,ph,,5.8,upH,,5.8,,"informe técnico del pozo N.º 3 (consultora hidrogeológica, nov-2007) p.5, protocolo de laboratorio (anexo de la respuesta a observaciones de Catamarca, 2025) - NO reproducido en el IIA",PUNA-2007-10
PZ-3,2007-10-30,potasio,,61.0,mg/L,,61,mg/l,"informe técnico del pozo N.º 3 (consultora hidrogeológica, nov-2007) p.5, protocolo de laboratorio (anexo de la respuesta a observaciones de Catamarca, 2025) - NO reproducido en el IIA",PUNA-2007-10
PZ-3,2007-10-30,sdt,,1300.0,mg/L,,1300,mg/l,"informe técnico del pozo N.º 3 (consultora hidrogeológica, nov-2007) p.5, protocolo de laboratorio (anexo de la respuesta a observaciones de Catamarca, 2025) - NO reproducido en el IIA",PUNA-2007-10
PZ-3,2007-10-30,sodio,,360.0,mg/L,,360,mg/l,"informe técnico del pozo N.º 3 (consultora hidrogeológica, nov-2007) p.5, protocolo de laboratorio (anexo de la respuesta a observaciones de Catamarca, 2025) - NO reproducido en el IIA",PUNA-2007-10
PZ-3,2007-10-30,sulfatos,,390.0,mg/L,,390,mg/l,"informe técnico del pozo N.º 3 (consultora hidrogeológica, nov-2007) p.5, protocolo de laboratorio (anexo de la respuesta a observaciones de Catamarca, 2025) - NO reproducido en el IIA",PUNA-2007-10
PZ-3,2007-10-30,turbidez,,34.5,NTU,,34.5,NTU,"informe técnico del pozo N.º 3 (consultora hidrogeológica, nov-2007) p.5, protocolo de laboratorio (anexo de la respuesta a observaciones de Catamarca, 2025) - NO reproducido en el IIA",PUNA-2007-10
PZ-4,2007-11-18,arsenico,,0.005,mg/L,,5,μg/l,"IIA (Salta, ago-2024), cap. 2a p.115 Tabla 30; fecha y protocolo: informe técnico del pozo N.º 4 (consultora hidrogeológica, nov-2007) p.4 y protocolo de laboratorio p.7 (anexo de la respuesta a observaciones de Catamarca, 2025)",PUNA-2007-11
PZ-4,2007-11-18,calcio,,44.0,mg/L,,44,mg/l,"IIA (Salta, ago-2024), cap. 2a p.115 Tabla 30; fecha y protocolo: informe técnico del pozo N.º 4 (consultora hidrogeológica, nov-2007) p.4 y protocolo de laboratorio p.7 (anexo de la respuesta a observaciones de Catamarca, 2025)",PUNA-2007-11
PZ-4,2007-11-18,cloruros,,190.0,mg/L,,190,mg/l,"IIA (Salta, ago-2024), cap. 2a p.115 Tabla 30; fecha y protocolo: informe técnico del pozo N.º 4 (consultora hidrogeológica, nov-2007) p.4 y protocolo de laboratorio p.7 (anexo de la respuesta a observaciones de Catamarca, 2025)",PUNA-2007-11
PZ-4,2007-11-18,conductividad,,839.0,µS/cm,,839,μs/cm,"IIA (Salta, ago-2024), cap. 2a p.115 Tabla 30; fecha y protocolo: informe técnico del pozo N.º 4 (consultora hidrogeológica, nov-2007) p.4 y protocolo de laboratorio p.7 (anexo de la respuesta a observaciones de Catamarca, 2025)",PUNA-2007-11
PZ-4,2007-11-18,dureza,,154.0,mg/L,,154,mg/l de Ca y Mg como CaCO₃,"IIA (Salta, ago-2024), cap. 2a p.115 Tabla 30; fecha y protocolo: informe técnico del pozo N.º 4 (consultora hidrogeológica, nov-2007) p.4 y protocolo de laboratorio p.7 (anexo de la respuesta a observaciones de Catamarca, 2025)",PUNA-2007-11
PZ-4,2007-11-18,hierro,,5.4,mg/L,,5.4,mg/l,"IIA (Salta, ago-2024), cap. 2a p.115 Tabla 30; fecha y protocolo: informe técnico del pozo N.º 4 (consultora hidrogeológica, nov-2007) p.4 y protocolo de laboratorio p.7 (anexo de la respuesta a observaciones de Catamarca, 2025)",PUNA-2007-11
PZ-4,2007-11-18,magnesio,,11.0,mg/L,,11,mg/l,"IIA (Salta, ago-2024), cap. 2a p.115 Tabla 30; fecha y protocolo: informe técnico del pozo N.º 4 (consultora hidrogeológica, nov-2007) p.4 y protocolo de laboratorio p.7 (anexo de la respuesta a observaciones de Catamarca, 2025)",PUNA-2007-11
PZ-4,2007-11-18,manganeso,<,0.02,mg/L,0.02,<0.02,mg/l,"IIA (Salta, ago-2024), cap. 2a p.115 Tabla 30; fecha y protocolo: informe técnico del pozo N.º 4 (consultora hidrogeológica, nov-2007) p.4 y protocolo de laboratorio p.7 (anexo de la respuesta a observaciones de Catamarca, 2025) | ATENCIÓN: rotulado ""Magnesio"" en el IIA; en el protocolo de laboratorio 126/07 y en estudio hidrogeológico 2021 Tabla 7 es ""Manganeso (mg/l)"" (impreso «Magnesio»; es manganeso en el protocolo)",PUNA-2007-11
PZ-4,2007-11-18,nitratos,,0.9,mg/L,,0.9,mg/l de NO⁻₃,"IIA (Salta, ago-2024), cap. 2a p.115 Tabla 30; fecha y protocolo: informe técnico del pozo N.º 4 (consultora hidrogeológica, nov-2007) p.4 y protocolo de laboratorio p.7 (anexo de la respuesta a observaciones de Catamarca, 2025)",PUNA-2007-11
PZ-4,2007-11-18,nitritos,<,0.01,mg/L,0.01,<0.01,mg/l de NO⁻₂,"IIA (Salta, ago-2024), cap. 2a p.115 Tabla 30; fecha y protocolo: informe técnico del pozo N.º 4 (consultora hidrogeológica, nov-2007) p.4 y protocolo de laboratorio p.7 (anexo de la respuesta a observaciones de Catamarca, 2025)",PUNA-2007-11
PZ-4,2007-11-18,ph,,5.7,upH,,5.7,,"IIA (Salta, ago-2024), cap. 2a p.115 Tabla 30; fecha y protocolo: informe técnico del pozo N.º 4 (consultora hidrogeológica, nov-2007) p.4 y protocolo de laboratorio p.7 (anexo de la respuesta a observaciones de Catamarca, 2025)",PUNA-2007-11
PZ-4,2007-11-18,potasio,,22.7,mg/L,,22.7,mg/l,"IIA (Salta, ago-2024), cap. 2a p.115 Tabla 30; fecha y protocolo: informe técnico del pozo N.º 4 (consultora hidrogeológica, nov-2007) p.4 y protocolo de laboratorio p.7 (anexo de la respuesta a observaciones de Catamarca, 2025)",PUNA-2007-11
PZ-4,2007-11-18,sdt,,421.0,mg/L,,421,mg/l,"IIA (Salta, ago-2024), cap. 2a p.115 Tabla 30; fecha y protocolo: informe técnico del pozo N.º 4 (consultora hidrogeológica, nov-2007) p.4 y protocolo de laboratorio p.7 (anexo de la respuesta a observaciones de Catamarca, 2025)",PUNA-2007-11
PZ-4,2007-11-18,sodio,,200.0,mg/L,,200,mg/l,"IIA (Salta, ago-2024), cap. 2a p.115 Tabla 30; fecha y protocolo: informe técnico del pozo N.º 4 (consultora hidrogeológica, nov-2007) p.4 y protocolo de laboratorio p.7 (anexo de la respuesta a observaciones de Catamarca, 2025)",PUNA-2007-11
PZ-4,2007-11-18,sulfatos,,140.0,mg/L,,140,mg/l,"IIA (Salta, ago-2024), cap. 2a p.115 Tabla 30; fecha y protocolo: informe técnico del pozo N.º 4 (consultora hidrogeológica, nov-2007) p.4 y protocolo de laboratorio p.7 (anexo de la respuesta a observaciones de Catamarca, 2025)",PUNA-2007-11
PZ-4,2007-11-18,turbidez,,4.3,NTU,,4.3,NTU,"IIA (Salta, ago-2024), cap. 2a p.115 Tabla 30; fecha y protocolo: informe técnico del pozo N.º 4 (consultora hidrogeológica, nov-2007) p.4 y protocolo de laboratorio p.7 (anexo de la respuesta a observaciones de Catamarca, 2025)",PUNA-2007-11
PZ-5,2007-11-27,calcio,,140.0,mg/L,,140,mg/l,"estudio hidrogeológico 2021 p.70 Tabla 10 (reproducida como IMAGEN en IIA (Salta, ago-2024), cap. 2a p.128 Tabla 35, no legible como texto); fecha/protocolo: informes técnicos de pozos 2007 (anexo de la respuesta a observaciones de Catamarca, 2025)",PUNA-2007-11
PZ-5,2007-11-27,cloruros,,58.0,mg/L,,58,mg/l,"estudio hidrogeológico 2021 p.70 Tabla 10 (reproducida como IMAGEN en IIA (Salta, ago-2024), cap. 2a p.128 Tabla 35, no legible como texto); fecha/protocolo: informes técnicos de pozos 2007 (anexo de la respuesta a observaciones de Catamarca, 2025)",PUNA-2007-11
PZ-5,2007-11-27,conductividad,,760.0,µS/cm,,760,μS/cm,"estudio hidrogeológico 2021 p.70 Tabla 10 (reproducida como IMAGEN en IIA (Salta, ago-2024), cap. 2a p.128 Tabla 35, no legible como texto); fecha/protocolo: informes técnicos de pozos 2007 (anexo de la respuesta a observaciones de Catamarca, 2025)",PUNA-2007-11
PZ-5,2007-11-27,dureza,,455.0,mg/L,,455,mg/l de Ca y Mg como CaCO3,"estudio hidrogeológico 2021 p.70 Tabla 10 (reproducida como IMAGEN en IIA (Salta, ago-2024), cap. 2a p.128 Tabla 35, no legible como texto); fecha/protocolo: informes técnicos de pozos 2007 (anexo de la respuesta a observaciones de Catamarca, 2025)",PUNA-2007-11
PZ-5,2007-11-27,hierro,,0.38,mg/L,,0.38,mg/l,"estudio hidrogeológico 2021 p.70 Tabla 10 (reproducida como IMAGEN en IIA (Salta, ago-2024), cap. 2a p.128 Tabla 35, no legible como texto); fecha/protocolo: informes técnicos de pozos 2007 (anexo de la respuesta a observaciones de Catamarca, 2025)",PUNA-2007-11
PZ-5,2007-11-27,magnesio,,32.0,mg/L,,32,mg/l,"estudio hidrogeológico 2021 p.70 Tabla 10 (reproducida como IMAGEN en IIA (Salta, ago-2024), cap. 2a p.128 Tabla 35, no legible como texto); fecha/protocolo: informes técnicos de pozos 2007 (anexo de la respuesta a observaciones de Catamarca, 2025)",PUNA-2007-11
PZ-5,2007-11-27,manganeso,,2.6,mg/L,,2.6,mg/l,"estudio hidrogeológico 2021 p.70 Tabla 10 (reproducida como IMAGEN en IIA (Salta, ago-2024), cap. 2a p.128 Tabla 35, no legible como texto); fecha/protocolo: informes técnicos de pozos 2007 (anexo de la respuesta a observaciones de Catamarca, 2025)",PUNA-2007-11
PZ-5,2007-11-27,nitratos,,5.2,mg/L,,5.2,mg/l de NO3-,"estudio hidrogeológico 2021 p.70 Tabla 10 (reproducida como IMAGEN en IIA (Salta, ago-2024), cap. 2a p.128 Tabla 35, no legible como texto); fecha/protocolo: informes técnicos de pozos 2007 (anexo de la respuesta a observaciones de Catamarca, 2025)",PUNA-2007-11
PZ-5,2007-11-27,nitritos,<,0.01,mg/L,0.01,<0.01,mg/l de NO2-,"estudio hidrogeológico 2021 p.70 Tabla 10 (reproducida como IMAGEN en IIA (Salta, ago-2024), cap. 2a p.128 Tabla 35, no legible como texto); fecha/protocolo: informes técnicos de pozos 2007 (anexo de la respuesta a observaciones de Catamarca, 2025)",PUNA-2007-11
PZ-5,2007-11-27,ph,,6.1,upH,,6.1,,"estudio hidrogeológico 2021 p.70 Tabla 10 (reproducida como IMAGEN en IIA (Salta, ago-2024), cap. 2a p.128 Tabla 35, no legible como texto); fecha/protocolo: informes técnicos de pozos 2007 (anexo de la respuesta a observaciones de Catamarca, 2025)",PUNA-2007-11
PZ-5,2007-11-27,potasio,,3.3,mg/L,,3.3,mg/l,"estudio hidrogeológico 2021 p.70 Tabla 10 (reproducida como IMAGEN en IIA (Salta, ago-2024), cap. 2a p.128 Tabla 35, no legible como texto); fecha/protocolo: informes técnicos de pozos 2007 (anexo de la respuesta a observaciones de Catamarca, 2025)",PUNA-2007-11
PZ-5,2007-11-27,sdt,,580.0,mg/L,,580,mg/l,"estudio hidrogeológico 2021 p.70 Tabla 10 (reproducida como IMAGEN en IIA (Salta, ago-2024), cap. 2a p.128 Tabla 35, no legible como texto); fecha/protocolo: informes técnicos de pozos 2007 (anexo de la respuesta a observaciones de Catamarca, 2025)",PUNA-2007-11
PZ-5,2007-11-27,sodio,,87.0,mg/L,,87,mg/l,"estudio hidrogeológico 2021 p.70 Tabla 10 (reproducida como IMAGEN en IIA (Salta, ago-2024), cap. 2a p.128 Tabla 35, no legible como texto); fecha/protocolo: informes técnicos de pozos 2007 (anexo de la respuesta a observaciones de Catamarca, 2025)",PUNA-2007-11
PZ-5,2007-11-27,sulfatos,,62.0,mg/L,,62,mg/l,"estudio hidrogeológico 2021 p.70 Tabla 10 (reproducida como IMAGEN en IIA (Salta, ago-2024), cap. 2a p.128 Tabla 35, no legible como texto); fecha/protocolo: informes técnicos de pozos 2007 (anexo de la respuesta a observaciones de Catamarca, 2025)",PUNA-2007-11
PZ-5,2007-11-27,turbidez,,1.6,NTU,,1.6,NTU,"estudio hidrogeológico 2021 p.70 Tabla 10 (reproducida como IMAGEN en IIA (Salta, ago-2024), cap. 2a p.128 Tabla 35, no legible como texto); fecha/protocolo: informes técnicos de pozos 2007 (anexo de la respuesta a observaciones de Catamarca, 2025)",PUNA-2007-11
CA1,2022-09-28,co,<,1200.0,µg/m³,1200.0,< 1.2,mg/m³,"IIA (Salta), anexo 2b (protocolo Q 356053) p.1; IIA (Salta), anexo 2a p.7 (4.1–4.2); IIA (Salta), cap. 2a p.64 Tabla 9 y p.65 Tabla 10",PUNA-2022-09
CA1,2022-09-28,no2,<,50.0,µg/m³,50.0,< 0.05,mg/m³,"IIA (Salta), anexo 2b (protocolo Q 356053) p.1; IIA (Salta), anexo 2a p.7 (4.1–4.2); IIA (Salta), cap. 2a p.64 Tabla 9 y p.65 Tabla 10",PUNA-2022-09
CA1,2022-09-28,pm10,<,50.0,µg/m³,50.0,< 0.05,mg/m³,"IIA (Salta), anexo 2b (protocolo Q 356053) p.1; IIA (Salta), anexo 2a p.7 (4.1–4.2); IIA (Salta), cap. 2a p.64 Tabla 9 y p.65 Tabla 10",PUNA-2022-09
CA1,2022-09-28,so2,<,50.0,µg/m³,50.0,< 0.05,mg/m³,"IIA (Salta), anexo 2b (protocolo Q 356053) p.1; IIA (Salta), anexo 2a p.7 (4.1–4.2); IIA (Salta), cap. 2a p.64 Tabla 9 y p.65 Tabla 10",PUNA-2022-09
CA2,2022-09-28,co,<,1200.0,µg/m³,1200.0,< 1.2,mg/m³,"IIA (Salta), anexo 2b (protocolo Q 356053) p.2; IIA (Salta), anexo 2a p.7 (4.1–4.2); IIA (Salta), cap. 2a p.64 Tabla 9 y p.65 Tabla 10",PUNA-2022-09
CA2,2022-09-28,no2,<,50.0,µg/m³,50.0,< 0.05,mg/m³,"IIA (Salta), anexo 2b (protocolo Q 356053) p.2; IIA (Salta), anexo 2a p.7 (4.1–4.2); IIA (Salta), cap. 2a p.64 Tabla 9 y p.65 Tabla 10",PUNA-2022-09
CA2,2022-09-28,pm10,<,50.0,µg/m³,50.0,< 0.05,mg/m³,"IIA (Salta), anexo 2b (protocolo Q 356053) p.2; IIA (Salta), anexo 2a p.7 (4.1–4.2); IIA (Salta), cap. 2a p.64 Tabla 9 y p.65 Tabla 10",PUNA-2022-09
CA2,2022-09-28,so2,<,50.0,µg/m³,50.0,< 0.05,mg/m³,"IIA (Salta), anexo 2b (protocolo Q 356053) p.2; IIA (Salta), anexo 2a p.7 (4.1–4.2); IIA (Salta), cap. 2a p.64 Tabla 9 y p.65 Tabla 10",PUNA-2022-09
R2,2022-09-28,nivel_sonoro,,60.7,dBA,,"60,7",dBA,"IIA (Salta), cap. 2a p.75 Tabla 17 (fecha/hora de inicio: p.74 Tabla 16)",PUNA-2022-09
R3,2022-09-28,nivel_sonoro,,63.0,dBA,,63,dBA,"IIA (Salta), cap. 2a p.75 Tabla 17 (fecha/hora de inicio: p.74 Tabla 16)",PUNA-2022-09
AS1,2022-09-29,aluminio,<,0.1,mg/L,0.1,< 100,μg/l,"IIA (Salta, ago-2024), cap. 2a p.95 Tabla 25",PUNA-2022-09
AS1,2022-09-29,arsenico,,0.025,mg/L,,25,μg/l,"IIA (Salta, ago-2024), cap. 2a p.95 Tabla 25",PUNA-2022-09
AS1,2022-09-29,boro,,57.5,mg/L,,57500,μg/l,"IIA (Salta, ago-2024), cap. 2a p.95 Tabla 25",PUNA-2022-09
AS1,2022-09-29,cadmio,<,0.0001,mg/L,0.0001,"< 0,1",μg/l,"IIA (Salta, ago-2024), cap. 2a p.95 Tabla 25",PUNA-2022-09
AS1,2022-09-29,cobalto,<,0.005,mg/L,0.005,< 5,μg/l,"IIA (Salta, ago-2024), cap. 2a p.95 Tabla 25",PUNA-2022-09
AS1,2022-09-29,cobre,<,0.001,mg/L,0.001,< 1,μg/l,"IIA (Salta, ago-2024), cap. 2a p.95 Tabla 25",PUNA-2022-09
AS1,2022-09-29,conductividad,,6828.0,µS/cm,,6828,μS/cm,"IIA (Salta, ago-2024), cap. 2a p.91 Tabla 24 (medición in situ)",PUNA-2022-09
AS1,2022-09-29,cromo,<,0.001,mg/L,0.001,< 1,μg/l,"IIA (Salta, ago-2024), cap. 2a p.95 Tabla 25",PUNA-2022-09
AS1,2022-09-29,fluoruros,<,0.5,mg/L,0.5,< 500,μg/l,"IIA (Salta, ago-2024), cap. 2a p.95 Tabla 25",PUNA-2022-09
AS1,2022-09-29,mercurio,<,5e-05,mg/L,5e-05,"< 0,05",μg/l,"IIA (Salta, ago-2024), cap. 2a p.95 Tabla 25",PUNA-2022-09
AS1,2022-09-29,molibdeno,<,0.001,mg/L,0.001,< 1,μg/l,"IIA (Salta, ago-2024), cap. 2a p.95 Tabla 25",PUNA-2022-09
AS1,2022-09-29,niquel,<,0.001,mg/L,0.001,< 1,μg/l,"IIA (Salta, ago-2024), cap. 2a p.95 Tabla 25",PUNA-2022-09
AS1,2022-09-29,ph,,7.5,upH,,"7,5",UpH,"IIA (Salta, ago-2024), cap. 2a p.95 Tabla 25",PUNA-2022-09
AS1,2022-09-29,plata,<,5e-05,mg/L,5e-05,"< 0,05",μg/l,"IIA (Salta, ago-2024), cap. 2a p.95 Tabla 25",PUNA-2022-09
AS1,2022-09-29,plomo,<,0.0005,mg/L,0.0005,"< 0,5",μg/l,"IIA (Salta, ago-2024), cap. 2a p.95 Tabla 25",PUNA-2022-09
AS1,2022-09-29,sdt,,4008.0,mg/L,,4008000,μg/l,"IIA (Salta, ago-2024), cap. 2a p.95 Tabla 25",PUNA-2022-09
AS1,2022-09-29,selenio,<,0.001,mg/L,0.001,< 1,μg/l,"IIA (Salta, ago-2024), cap. 2a p.95 Tabla 25",PUNA-2022-09
AS1,2022-09-29,turbidez,,34.7,NTU,,"34,7",NTU,"IIA (Salta, ago-2024), cap. 2a p.91 Tabla 24 (medición in situ)",PUNA-2022-09
AS1,2022-09-29,uranio,<,0.001,mg/L,0.001,< 1,μg/l,"IIA (Salta, ago-2024), cap. 2a p.95 Tabla 25",PUNA-2022-09
AS1,2022-09-29,vanadio,<,0.05,mg/L,0.05,< 50,μg/l,"IIA (Salta, ago-2024), cap. 2a p.95 Tabla 25",PUNA-2022-09
AS1,2022-09-29,zinc,<,0.0001,mg/L,0.0001,"< 0,1",μg/l,"IIA (Salta, ago-2024), cap. 2a p.95 Tabla 25",PUNA-2022-09
AS2,2022-09-29,aluminio,,0.19,mg/L,,190,μg/l,"IIA (Salta, ago-2024), cap. 2a p.96 Tabla 26",PUNA-2022-09
AS2,2022-09-29,arsenico,,0.024,mg/L,,24,μg/l,"IIA (Salta, ago-2024), cap. 2a p.96 Tabla 26",PUNA-2022-09
AS2,2022-09-29,boro,,53.8,mg/L,,53800,μg/l,"IIA (Salta, ago-2024), cap. 2a p.96 Tabla 26",PUNA-2022-09
AS2,2022-09-29,cadmio,<,0.0001,mg/L,0.0001,"< 0,1",μg/l,"IIA (Salta, ago-2024), cap. 2a p.96 Tabla 26",PUNA-2022-09
AS2,2022-09-29,cobalto,<,0.005,mg/L,0.005,< 5,μg/l,"IIA (Salta, ago-2024), cap. 2a p.96 Tabla 26",PUNA-2022-09
AS2,2022-09-29,cobre,<,0.001,mg/L,0.001,< 1,μg/l,"IIA (Salta, ago-2024), cap. 2a p.96 Tabla 26",PUNA-2022-09
AS2,2022-09-29,conductividad,,6814.0,µS/cm,,6814,μS/cm,"IIA (Salta, ago-2024), cap. 2a p.91 Tabla 24 (medición in situ)",PUNA-2022-09
AS2,2022-09-29,cromo,<,0.001,mg/L,0.001,< 1,μg/l,"IIA (Salta, ago-2024), cap. 2a p.96 Tabla 26",PUNA-2022-09
AS2,2022-09-29,fluoruros,<,0.5,mg/L,0.5,< 500,μg/l,"IIA (Salta, ago-2024), cap. 2a p.96 Tabla 26",PUNA-2022-09
AS2,2022-09-29,mercurio,<,5e-05,mg/L,5e-05,"< 0,05",μg/l,"IIA (Salta, ago-2024), cap. 2a p.96 Tabla 26",PUNA-2022-09
AS2,2022-09-29,molibdeno,<,0.001,mg/L,0.001,< 1,μg/l,"IIA (Salta, ago-2024), cap. 2a p.96 Tabla 26",PUNA-2022-09
AS2,2022-09-29,niquel,<,0.001,mg/L,0.001,< 1,μg/l,"IIA (Salta, ago-2024), cap. 2a p.96 Tabla 26",PUNA-2022-09
AS2,2022-09-29,ph,,7.4,upH,,"7,4",UpH,"IIA (Salta, ago-2024), cap. 2a p.96 Tabla 26",PUNA-2022-09
AS2,2022-09-29,plata,<,5e-05,mg/L,5e-05,"< 0,05",μg/l,"IIA (Salta, ago-2024), cap. 2a p.96 Tabla 26",PUNA-2022-09
AS2,2022-09-29,plomo,<,0.0005,mg/L,0.0005,"< 0,5",μg/l,"IIA (Salta, ago-2024), cap. 2a p.96 Tabla 26",PUNA-2022-09
AS2,2022-09-29,sdt,,3808.0,mg/L,,3808000,μg/l,"IIA (Salta, ago-2024), cap. 2a p.96 Tabla 26",PUNA-2022-09
AS2,2022-09-29,selenio,<,0.001,mg/L,0.001,< 1,μg/l,"IIA (Salta, ago-2024), cap. 2a p.96 Tabla 26",PUNA-2022-09
AS2,2022-09-29,turbidez,,10.5,NTU,,"10,5",NTU,"IIA (Salta, ago-2024), cap. 2a p.91 Tabla 24 (medición in situ)",PUNA-2022-09
AS2,2022-09-29,uranio,<,0.001,mg/L,0.001,< 1,μg/l,"IIA (Salta, ago-2024), cap. 2a p.96 Tabla 26",PUNA-2022-09
AS2,2022-09-29,vanadio,<,0.05,mg/L,0.05,< 50,μg/l,"IIA (Salta, ago-2024), cap. 2a p.96 Tabla 26",PUNA-2022-09
AS2,2022-09-29,zinc,<,0.0001,mg/L,0.0001,"< 0,1",μg/l,"IIA (Salta, ago-2024), cap. 2a p.96 Tabla 26",PUNA-2022-09
AS4,2022-09-29,aluminio,,0.21,mg/L,,210,μg/l,"IIA (Salta, ago-2024), cap. 2a p.97 Tabla 27 (título de la tabla dice ""AS3 – Vega La Redonda""; columna y sección = AS4)",PUNA-2022-09
AS4,2022-09-29,arsenico,,0.008,mg/L,,"8,0",μg/l,"IIA (Salta, ago-2024), cap. 2a p.97 Tabla 27 (título de la tabla dice ""AS3 – Vega La Redonda""; columna y sección = AS4)",PUNA-2022-09
AS4,2022-09-29,boro,,8.0,mg/L,,8000,μg/l,"IIA (Salta, ago-2024), cap. 2a p.97 Tabla 27 (título de la tabla dice ""AS3 – Vega La Redonda""; columna y sección = AS4)",PUNA-2022-09
AS4,2022-09-29,cadmio,<,0.0001,mg/L,0.0001,"< 0,1",μg/l,"IIA (Salta, ago-2024), cap. 2a p.97 Tabla 27 (título de la tabla dice ""AS3 – Vega La Redonda""; columna y sección = AS4)",PUNA-2022-09
AS4,2022-09-29,cobalto,<,0.005,mg/L,0.005,< 5,μg/l,"IIA (Salta, ago-2024), cap. 2a p.97 Tabla 27 (título de la tabla dice ""AS3 – Vega La Redonda""; columna y sección = AS4)",PUNA-2022-09
AS4,2022-09-29,cobre,<,0.001,mg/L,0.001,< 1,μg/l,"IIA (Salta, ago-2024), cap. 2a p.97 Tabla 27 (título de la tabla dice ""AS3 – Vega La Redonda""; columna y sección = AS4)",PUNA-2022-09
AS4,2022-09-29,conductividad,,2292.0,µS/cm,,2292,μS/cm,"IIA (Salta, ago-2024), cap. 2a p.91 Tabla 24 (medición in situ)",PUNA-2022-09
AS4,2022-09-29,cromo,<,0.001,mg/L,0.001,< 1,μg/l,"IIA (Salta, ago-2024), cap. 2a p.97 Tabla 27 (título de la tabla dice ""AS3 – Vega La Redonda""; columna y sección = AS4)",PUNA-2022-09
AS4,2022-09-29,fluoruros,<,0.5,mg/L,0.5,< 500,μg/l,"IIA (Salta, ago-2024), cap. 2a p.97 Tabla 27 (título de la tabla dice ""AS3 – Vega La Redonda""; columna y sección = AS4)",PUNA-2022-09
AS4,2022-09-29,mercurio,<,5e-05,mg/L,5e-05,"< 0,05",μg/l,"IIA (Salta, ago-2024), cap. 2a p.97 Tabla 27 (título de la tabla dice ""AS3 – Vega La Redonda""; columna y sección = AS4)",PUNA-2022-09
AS4,2022-09-29,molibdeno,<,0.001,mg/L,0.001,< 1,μg/l,"IIA (Salta, ago-2024), cap. 2a p.97 Tabla 27 (título de la tabla dice ""AS3 – Vega La Redonda""; columna y sección = AS4)",PUNA-2022-09
AS4,2022-09-29,niquel,<,0.001,mg/L,0.001,< 1,μg/l,"IIA (Salta, ago-2024), cap. 2a p.97 Tabla 27 (título de la tabla dice ""AS3 – Vega La Redonda""; columna y sección = AS4)",PUNA-2022-09
AS4,2022-09-29,ph,,7.41,upH,,"7,41",pH,"IIA (Salta, ago-2024), cap. 2a p.91 Tabla 24 (medición in situ)",PUNA-2022-09
AS4,2022-09-29,plata,<,5e-05,mg/L,5e-05,"< 0,05",μg/l,"IIA (Salta, ago-2024), cap. 2a p.97 Tabla 27 (título de la tabla dice ""AS3 – Vega La Redonda""; columna y sección = AS4)",PUNA-2022-09
AS4,2022-09-29,plomo,<,0.0005,mg/L,0.0005,"< 0,5",μg/l,"IIA (Salta, ago-2024), cap. 2a p.97 Tabla 27 (título de la tabla dice ""AS3 – Vega La Redonda""; columna y sección = AS4)",PUNA-2022-09
AS4,2022-09-29,sdt,,1236.0,mg/L,,1236000,μg/l,"IIA (Salta, ago-2024), cap. 2a p.97 Tabla 27 (título de la tabla dice ""AS3 – Vega La Redonda""; columna y sección = AS4)",PUNA-2022-09
AS4,2022-09-29,selenio,<,0.001,mg/L,0.001,< 1,μg/l,"IIA (Salta, ago-2024), cap. 2a p.97 Tabla 27 (título de la tabla dice ""AS3 – Vega La Redonda""; columna y sección = AS4)",PUNA-2022-09
AS4,2022-09-29,turbidez,,61.3,NTU,,"61,3",NTU,"IIA (Salta, ago-2024), cap. 2a p.91 Tabla 24 (medición in situ)",PUNA-2022-09
AS4,2022-09-29,uranio,<,0.001,mg/L,0.001,< 1,μg/l,"IIA (Salta, ago-2024), cap. 2a p.97 Tabla 27 (título de la tabla dice ""AS3 – Vega La Redonda""; columna y sección = AS4)",PUNA-2022-09
AS4,2022-09-29,vanadio,<,0.05,mg/L,0.05,< 50,μg/l,"IIA (Salta, ago-2024), cap. 2a p.97 Tabla 27 (título de la tabla dice ""AS3 – Vega La Redonda""; columna y sección = AS4)",PUNA-2022-09
AS4,2022-09-29,zinc,<,0.0001,mg/L,0.0001,"< 0,1",μg/l,"IIA (Salta, ago-2024), cap. 2a p.97 Tabla 27 (título de la tabla dice ""AS3 – Vega La Redonda""; columna y sección = AS4)",PUNA-2022-09
AS5,2022-09-29,aluminio,<,0.1,mg/L,0.1,< 100,μg/l,"IIA (Salta, ago-2024), cap. 2a p.98 Tabla 28 (texto previo a la tabla dice ""AS4""; título y columna = AS5)",PUNA-2022-09
AS5,2022-09-29,arsenico,,0.004,mg/L,,"4,0",μg/l,"IIA (Salta, ago-2024), cap. 2a p.98 Tabla 28 (texto previo a la tabla dice ""AS4""; título y columna = AS5)",PUNA-2022-09
AS5,2022-09-29,boro,,7.22,mg/L,,7220,μg/l,"IIA (Salta, ago-2024), cap. 2a p.98 Tabla 28 (texto previo a la tabla dice ""AS4""; título y columna = AS5)",PUNA-2022-09
AS5,2022-09-29,cadmio,<,0.0001,mg/L,0.0001,"< 0,1",μg/l,"IIA (Salta, ago-2024), cap. 2a p.98 Tabla 28 (texto previo a la tabla dice ""AS4""; título y columna = AS5)",PUNA-2022-09
AS5,2022-09-29,cobalto,<,0.005,mg/L,0.005,< 5,μg/l,"IIA (Salta, ago-2024), cap. 2a p.98 Tabla 28 (texto previo a la tabla dice ""AS4""; título y columna = AS5)",PUNA-2022-09
AS5,2022-09-29,cobre,<,0.001,mg/L,0.001,< 1,μg/l,"IIA (Salta, ago-2024), cap. 2a p.98 Tabla 28 (texto previo a la tabla dice ""AS4""; título y columna = AS5)",PUNA-2022-09
AS5,2022-09-29,conductividad,,2919.0,µS/cm,,2919,μS/cm,"IIA (Salta, ago-2024), cap. 2a p.91 Tabla 24 (medición in situ)",PUNA-2022-09
AS5,2022-09-29,cromo,<,0.001,mg/L,0.001,< 1,μg/l,"IIA (Salta, ago-2024), cap. 2a p.98 Tabla 28 (texto previo a la tabla dice ""AS4""; título y columna = AS5)",PUNA-2022-09
AS5,2022-09-29,fluoruros,,0.8,mg/L,,800,μg/l,"IIA (Salta, ago-2024), cap. 2a p.98 Tabla 28 (texto previo a la tabla dice ""AS4""; título y columna = AS5)",PUNA-2022-09
AS5,2022-09-29,mercurio,<,5e-05,mg/L,5e-05,"< 0,05",μg/l,"IIA (Salta, ago-2024), cap. 2a p.98 Tabla 28 (texto previo a la tabla dice ""AS4""; título y columna = AS5)",PUNA-2022-09
AS5,2022-09-29,molibdeno,<,0.001,mg/L,0.001,< 1,μg/l,"IIA (Salta, ago-2024), cap. 2a p.98 Tabla 28 (texto previo a la tabla dice ""AS4""; título y columna = AS5)",PUNA-2022-09
AS5,2022-09-29,niquel,<,0.001,mg/L,0.001,< 1,μg/l,"IIA (Salta, ago-2024), cap. 2a p.98 Tabla 28 (texto previo a la tabla dice ""AS4""; título y columna = AS5)",PUNA-2022-09
AS5,2022-09-29,ph,,8.35,upH,,"8,35",pH,"IIA (Salta, ago-2024), cap. 2a p.91 Tabla 24 (medición in situ)",PUNA-2022-09
AS5,2022-09-29,plata,<,5e-05,mg/L,5e-05,"< 0,05",μg/l,"IIA (Salta, ago-2024), cap. 2a p.98 Tabla 28 (texto previo a la tabla dice ""AS4""; título y columna = AS5)",PUNA-2022-09
AS5,2022-09-29,plomo,<,0.0005,mg/L,0.0005,"< 0,5",μg/l,"IIA (Salta, ago-2024), cap. 2a p.98 Tabla 28 (texto previo a la tabla dice ""AS4""; título y columna = AS5)",PUNA-2022-09
AS5,2022-09-29,sdt,,1714.0,mg/L,,1714000,μg/l,"IIA (Salta, ago-2024), cap. 2a p.98 Tabla 28 (texto previo a la tabla dice ""AS4""; título y columna = AS5)",PUNA-2022-09
AS5,2022-09-29,selenio,<,0.001,mg/L,0.001,< 1,μg/l,"IIA (Salta, ago-2024), cap. 2a p.98 Tabla 28 (texto previo a la tabla dice ""AS4""; título y columna = AS5)",PUNA-2022-09
AS5,2022-09-29,turbidez,,60.9,NTU,,"60,9",NTU,"IIA (Salta, ago-2024), cap. 2a p.91 Tabla 24 (medición in situ)",PUNA-2022-09
AS5,2022-09-29,uranio,<,0.001,mg/L,0.001,< 1,μg/l,"IIA (Salta, ago-2024), cap. 2a p.98 Tabla 28 (texto previo a la tabla dice ""AS4""; título y columna = AS5)",PUNA-2022-09
AS5,2022-09-29,vanadio,<,0.05,mg/L,0.05,< 50,μg/l,"IIA (Salta, ago-2024), cap. 2a p.98 Tabla 28 (texto previo a la tabla dice ""AS4""; título y columna = AS5)",PUNA-2022-09
AS5,2022-09-29,zinc,<,0.0001,mg/L,0.0001,"< 0,1",μg/l,"IIA (Salta, ago-2024), cap. 2a p.98 Tabla 28 (texto previo a la tabla dice ""AS4""; título y columna = AS5)",PUNA-2022-09
CA3,2022-09-29,co,<,1200.0,µg/m³,1200.0,< 1.2,mg/m³,"IIA (Salta), anexo 2c (protocolo Q 356054) p.1; IIA (Salta), anexo 2a p.7 (4.1–4.2); IIA (Salta), cap. 2a p.64 Tabla 9 y p.65 Tabla 10",PUNA-2022-09
CA3,2022-09-29,no2,<,50.0,µg/m³,50.0,< 0.05,mg/m³,"IIA (Salta), anexo 2c (protocolo Q 356054) p.1; IIA (Salta), anexo 2a p.7 (4.1–4.2); IIA (Salta), cap. 2a p.64 Tabla 9 y p.65 Tabla 10",PUNA-2022-09
CA3,2022-09-29,pm10,<,50.0,µg/m³,50.0,< 0.05,mg/m³,"IIA (Salta), anexo 2c (protocolo Q 356054) p.1; IIA (Salta), anexo 2a p.7 (4.1–4.2); IIA (Salta), cap. 2a p.64 Tabla 9 y p.65 Tabla 10",PUNA-2022-09
CA3,2022-09-29,so2,<,50.0,µg/m³,50.0,< 0.05,mg/m³,"IIA (Salta), anexo 2c (protocolo Q 356054) p.1; IIA (Salta), anexo 2a p.7 (4.1–4.2); IIA (Salta), cap. 2a p.64 Tabla 9 y p.65 Tabla 10",PUNA-2022-09
R4,2022-09-29,nivel_sonoro,,64.9,dBA,,"64,9",dBA,"IIA (Salta), cap. 2a p.75 Tabla 17 (fecha/hora de inicio: p.74 Tabla 16)",PUNA-2022-09
S1,2022-09-29,arsenico,<,10.0,mg/kg,10.0,"< 10,0",μg/g,"IIA (Salta), cap. 2a p.152 Tabla 38; métodos p.148–149 Tabla 36 (día no informado: se usa el de la campaña de campo)",PUNA-2022-09
S1,2022-09-29,boro,<,1.0,mg/kg,1.0,"< 1,0",μg/g,"IIA (Salta), cap. 2a p.152 Tabla 38; métodos p.148–149 Tabla 36 (día no informado: se usa el de la campaña de campo)",PUNA-2022-09
S1,2022-09-29,cianuro,<,0.25,mg/kg,0.25,"< 0,25",μg/g,"IIA (Salta), cap. 2a p.152 Tabla 38; métodos p.148–149 Tabla 36 (día no informado: se usa el de la campaña de campo)",PUNA-2022-09
S1,2022-09-29,cobre,<,0.1,mg/kg,0.1,"< 0,10",μg/g,"IIA (Salta), cap. 2a p.152 Tabla 38; métodos p.148–149 Tabla 36 (día no informado: se usa el de la campaña de campo)",PUNA-2022-09
S1,2022-09-29,hidrocarburos,<,50.0,mg/kg,50.0,"< 50,0",μg/g,"IIA (Salta), cap. 2a p.152 Tabla 38 (día no informado: se usa el de la campaña de campo)",PUNA-2022-09
S1,2022-09-29,mercurio,<,0.1,mg/kg,0.1,"< 0,1",μg/g,"IIA (Salta), cap. 2a p.152 Tabla 38; métodos p.148–149 Tabla 36 (día no informado: se usa el de la campaña de campo)",PUNA-2022-09
S1,2022-09-29,molibdeno,<,3.0,mg/kg,3.0,< 3,μg/g,"IIA (Salta), cap. 2a p.152 Tabla 38; métodos p.148–149 Tabla 36 (día no informado: se usa el de la campaña de campo)",PUNA-2022-09
S1,2022-09-29,plata,<,5.0,mg/kg,5.0,"< 5,0",μg/g,"IIA (Salta), cap. 2a p.152 Tabla 38; métodos p.148–149 Tabla 36 (día no informado: se usa el de la campaña de campo)",PUNA-2022-09
S1,2022-09-29,plomo,<,20.0,mg/kg,20.0,"< 20,0",μg/g,"IIA (Salta), cap. 2a p.152 Tabla 38; métodos p.148–149 Tabla 36 (día no informado: se usa el de la campaña de campo)",PUNA-2022-09
S1,2022-09-29,selenio,<,1.0,mg/kg,1.0,< 1,μg/g,"IIA (Salta), cap. 2a p.152 Tabla 38; métodos p.148–149 Tabla 36 (día no informado: se usa el de la campaña de campo)",PUNA-2022-09
S2,2022-09-29,arsenico,<,10.0,mg/kg,10.0,"< 10,0",μg/g,"IIA (Salta), cap. 2a p.152 Tabla 38; métodos p.148–149 Tabla 36 (día no informado: se usa el de la campaña de campo)",PUNA-2022-09
S2,2022-09-29,boro,<,1.0,mg/kg,1.0,"< 1,0",μg/g,"IIA (Salta), cap. 2a p.152 Tabla 38; métodos p.148–149 Tabla 36 (día no informado: se usa el de la campaña de campo)",PUNA-2022-09
S2,2022-09-29,cianuro,<,0.25,mg/kg,0.25,"< 0,25",μg/g,"IIA (Salta), cap. 2a p.152 Tabla 38; métodos p.148–149 Tabla 36 (día no informado: se usa el de la campaña de campo)",PUNA-2022-09
S2,2022-09-29,cobre,<,0.1,mg/kg,0.1,"< 0,10",μg/g,"IIA (Salta), cap. 2a p.152 Tabla 38; métodos p.148–149 Tabla 36 (día no informado: se usa el de la campaña de campo)",PUNA-2022-09
S2,2022-09-29,hidrocarburos,<,50.0,mg/kg,50.0,"< 50,0",μg/g,"IIA (Salta), cap. 2a p.152 Tabla 38 (día no informado: se usa el de la campaña de campo)",PUNA-2022-09
S2,2022-09-29,mercurio,<,0.1,mg/kg,0.1,"< 0,1",μg/g,"IIA (Salta), cap. 2a p.152 Tabla 38; métodos p.148–149 Tabla 36 (día no informado: se usa el de la campaña de campo)",PUNA-2022-09
S2,2022-09-29,molibdeno,<,3.0,mg/kg,3.0,< 3,μg/g,"IIA (Salta), cap. 2a p.152 Tabla 38; métodos p.148–149 Tabla 36 (día no informado: se usa el de la campaña de campo)",PUNA-2022-09
S2,2022-09-29,plata,<,5.0,mg/kg,5.0,"< 5,0",μg/g,"IIA (Salta), cap. 2a p.152 Tabla 38; métodos p.148–149 Tabla 36 (día no informado: se usa el de la campaña de campo)",PUNA-2022-09
S2,2022-09-29,plomo,<,20.0,mg/kg,20.0,"< 20,0",μg/g,"IIA (Salta), cap. 2a p.152 Tabla 38; métodos p.148–149 Tabla 36 (día no informado: se usa el de la campaña de campo)",PUNA-2022-09
S2,2022-09-29,selenio,<,1.0,mg/kg,1.0,< 1,μg/g,"IIA (Salta), cap. 2a p.152 Tabla 38; métodos p.148–149 Tabla 36 (día no informado: se usa el de la campaña de campo)",PUNA-2022-09
S3,2022-09-29,arsenico,<,10.0,mg/kg,10.0,"< 10,0",μg/g,"IIA (Salta), cap. 2a p.152 Tabla 38; métodos p.148–149 Tabla 36 (día no informado: se usa el de la campaña de campo)",PUNA-2022-09
S3,2022-09-29,boro,<,1.0,mg/kg,1.0,"< 1,0",μg/g,"IIA (Salta), cap. 2a p.152 Tabla 38; métodos p.148–149 Tabla 36 (día no informado: se usa el de la campaña de campo)",PUNA-2022-09
S3,2022-09-29,cianuro,<,0.25,mg/kg,0.25,"< 0,25",μg/g,"IIA (Salta), cap. 2a p.152 Tabla 38; métodos p.148–149 Tabla 36 (día no informado: se usa el de la campaña de campo)",PUNA-2022-09
S3,2022-09-29,cobre,<,0.1,mg/kg,0.1,"< 0,10",μg/g,"IIA (Salta), cap. 2a p.152 Tabla 38; métodos p.148–149 Tabla 36 (día no informado: se usa el de la campaña de campo)",PUNA-2022-09
S3,2022-09-29,hidrocarburos,<,50.0,mg/kg,50.0,"< 50,0",μg/g,"IIA (Salta), cap. 2a p.152 Tabla 38 (día no informado: se usa el de la campaña de campo)",PUNA-2022-09
S3,2022-09-29,mercurio,<,0.1,mg/kg,0.1,"< 0,1",μg/g,"IIA (Salta), cap. 2a p.152 Tabla 38; métodos p.148–149 Tabla 36 (día no informado: se usa el de la campaña de campo)",PUNA-2022-09
S3,2022-09-29,molibdeno,<,3.0,mg/kg,3.0,< 3,μg/g,"IIA (Salta), cap. 2a p.152 Tabla 38; métodos p.148–149 Tabla 36 (día no informado: se usa el de la campaña de campo)",PUNA-2022-09
S3,2022-09-29,plata,<,5.0,mg/kg,5.0,"< 5,0",μg/g,"IIA (Salta), cap. 2a p.152 Tabla 38; métodos p.148–149 Tabla 36 (día no informado: se usa el de la campaña de campo)",PUNA-2022-09
S3,2022-09-29,plomo,<,20.0,mg/kg,20.0,"< 20,0",μg/g,"IIA (Salta), cap. 2a p.152 Tabla 38; métodos p.148–149 Tabla 36 (día no informado: se usa el de la campaña de campo)",PUNA-2022-09
S3,2022-09-29,selenio,<,1.0,mg/kg,1.0,< 1,μg/g,"IIA (Salta), cap. 2a p.152 Tabla 38; métodos p.148–149 Tabla 36 (día no informado: se usa el de la campaña de campo)",PUNA-2022-09
AS6,2022-09-30,aluminio,,3.67,mg/L,,3670,μg/l,"IIA (Salta, ago-2024), cap. 2a p.99 Tabla 29",PUNA-2022-09
AS6,2022-09-30,arsenico,,0.288,mg/L,,288,μg/l,"IIA (Salta, ago-2024), cap. 2a p.99 Tabla 29",PUNA-2022-09
AS6,2022-09-30,boro,,39.8,mg/L,,39800,μg/l,"IIA (Salta, ago-2024), cap. 2a p.99 Tabla 29",PUNA-2022-09
AS6,2022-09-30,cadmio,<,0.0001,mg/L,0.0001,"< 0,1",μg/l,"IIA (Salta, ago-2024), cap. 2a p.99 Tabla 29",PUNA-2022-09
AS6,2022-09-30,cobalto,<,0.005,mg/L,0.005,< 5,μg/l,"IIA (Salta, ago-2024), cap. 2a p.99 Tabla 29",PUNA-2022-09
AS6,2022-09-30,cobre,,0.016,mg/L,,16,μg/l,"IIA (Salta, ago-2024), cap. 2a p.99 Tabla 29",PUNA-2022-09
AS6,2022-09-30,conductividad,,8867.0,µS/cm,,8867,μS/cm,"IIA (Salta, ago-2024), cap. 2a p.91 Tabla 24 (medición in situ)",PUNA-2022-09
AS6,2022-09-30,cromo,<,0.001,mg/L,0.001,< 1,μg/l,"IIA (Salta, ago-2024), cap. 2a p.99 Tabla 29",PUNA-2022-09
AS6,2022-09-30,fluoruros,,1.7,mg/L,,1700,μg/l,"IIA (Salta, ago-2024), cap. 2a p.99 Tabla 29",PUNA-2022-09
AS6,2022-09-30,mercurio,<,5e-05,mg/L,5e-05,"< 0,05",μg/l,"IIA (Salta, ago-2024), cap. 2a p.99 Tabla 29",PUNA-2022-09
AS6,2022-09-30,molibdeno,,0.018,mg/L,,18,μg/l,"IIA (Salta, ago-2024), cap. 2a p.99 Tabla 29",PUNA-2022-09
AS6,2022-09-30,niquel,<,0.001,mg/L,0.001,< 1,μg/l,"IIA (Salta, ago-2024), cap. 2a p.99 Tabla 29",PUNA-2022-09
AS6,2022-09-30,ph,,10.33,upH,,"10,33",pH,"IIA (Salta, ago-2024), cap. 2a p.91 Tabla 24 (medición in situ)",PUNA-2022-09
AS6,2022-09-30,plata,<,5e-05,mg/L,5e-05,"< 0,05",μg/l,"IIA (Salta, ago-2024), cap. 2a p.99 Tabla 29",PUNA-2022-09
AS6,2022-09-30,plomo,,0.003,mg/L,,3,μg/l,"IIA (Salta, ago-2024), cap. 2a p.99 Tabla 29",PUNA-2022-09
AS6,2022-09-30,sdt,,4728.0,mg/L,,4728000,μg/l,"IIA (Salta, ago-2024), cap. 2a p.99 Tabla 29",PUNA-2022-09
AS6,2022-09-30,selenio,<,0.001,mg/L,0.001,< 1,μg/l,"IIA (Salta, ago-2024), cap. 2a p.99 Tabla 29",PUNA-2022-09
AS6,2022-09-30,turbidez,,192.0,NTU,,192,NTU,"IIA (Salta, ago-2024), cap. 2a p.91 Tabla 24 (medición in situ)",PUNA-2022-09
AS6,2022-09-30,uranio,<,0.001,mg/L,0.001,< 1,μg/l,"IIA (Salta, ago-2024), cap. 2a p.99 Tabla 29",PUNA-2022-09
AS6,2022-09-30,vanadio,<,0.05,mg/L,0.05,< 50,μg/l,"IIA (Salta, ago-2024), cap. 2a p.99 Tabla 29",PUNA-2022-09
AS6,2022-09-30,zinc,<,0.0001,mg/L,0.0001,"< 0,1",μg/l,"IIA (Salta, ago-2024), cap. 2a p.99 Tabla 29",PUNA-2022-09
R1,2022-09-30,nivel_sonoro,,61.2,dBA,,"61,2",dBA,"IIA (Salta), cap. 2a p.75 Tabla 17 (fecha/hora de inicio: p.74 Tabla 16)",PUNA-2022-09
CA-MP,2024-02-22,co,<,1150.0,µg/m³,1150.0,<1150,μg/m3,"IIA (Salta), anexo 3 p.5 (resultados) y p.7 (protocolo)",PUNA-2024-02
CA-MP,2024-02-22,h2s,<,1.0,µg/m³,1.0,<1,μg/m3,"IIA (Salta), anexo 3 p.5 (resultados) y p.7 (protocolo)",PUNA-2024-02
CA-MP,2024-02-22,no2,<,10.0,µg/m³,10.0,<10,μg/m3,"IIA (Salta), anexo 3 p.5 (resultados) y p.7 (protocolo)",PUNA-2024-02
CA-MP,2024-02-22,ozono,<,10.0,µg/m³,10.0,<10,μg/m3,"IIA (Salta), anexo 3 p.5 (resultados) y p.7 (protocolo)",PUNA-2024-02
CA-MP,2024-02-22,plomo,<,1.0,µg/m³,1.0,<1,μg/m3,"IIA (Salta), anexo 3 p.5 (resultados) y p.7 (protocolo)",PUNA-2024-02
CA-MP,2024-02-22,pm10,,9.0,µg/m³,,9,μg/m3,"IIA (Salta), anexo 3 p.5 (resultados) y p.7 (protocolo)",PUNA-2024-02
CA-MP,2024-02-22,pm25,<,1.0,µg/m³,1.0,< 1,μg/m3,"IIA (Salta), anexo 3 p.5 (resultados) y p.7 (protocolo)",PUNA-2024-02
CA-MP,2024-02-22,so2,<,10.0,µg/m³,10.0,<10,μg/m3,"IIA (Salta), anexo 3 p.5 (resultados) y p.7 (protocolo)",PUNA-2024-02
PZ-7,2024-02-22,aluminio,<,0.2,mg/L,0.2,<0.2,mg/L,"IIA (Salta, ago-2024), cap. 2a p.118-119 Tabla 32 (columna ""Pozo 7_Feb24""; = IIA (Catamarca), cap. 2a p.121-122) (día no informado: se usa el del monitoreo participativo)",PUNA-2024-02
PZ-7,2024-02-22,antimonio,<,0.01,mg/L,0.01,<0.01,mg/L,"IIA (Salta, ago-2024), cap. 2a p.118-119 Tabla 32 (columna ""Pozo 7_Feb24""; = IIA (Catamarca), cap. 2a p.121-122) (día no informado: se usa el del monitoreo participativo)",PUNA-2024-02
PZ-7,2024-02-22,arsenico,<,0.01,mg/L,0.01,"<0,01",mg/L,"IIA (Salta, ago-2024), cap. 2a p.118-119 Tabla 32 (columna ""Pozo 7_Feb24""; = IIA (Catamarca), cap. 2a p.121-122) (día no informado: se usa el del monitoreo participativo)",PUNA-2024-02
PZ-7,2024-02-22,cobre,<,0.05,mg/L,0.05,"<0,05",mg/L,"IIA (Salta, ago-2024), cap. 2a p.118-119 Tabla 32 (columna ""Pozo 7_Feb24""; = IIA (Catamarca), cap. 2a p.121-122) (día no informado: se usa el del monitoreo participativo)",PUNA-2024-02
PZ-7,2024-02-22,cromo,<,0.002,mg/L,0.002,"<0,002",mg/L,"IIA (Salta, ago-2024), cap. 2a p.118-119 Tabla 32 (columna ""Pozo 7_Feb24""; = IIA (Catamarca), cap. 2a p.121-122) (día no informado: se usa el del monitoreo participativo)",PUNA-2024-02
PZ-7,2024-02-22,fluoruros,<,0.1,mg/L,0.1,"<0,1",mg/L,"IIA (Salta, ago-2024), cap. 2a p.118-119 Tabla 32 (columna ""Pozo 7_Feb24""; = IIA (Catamarca), cap. 2a p.121-122) (día no informado: se usa el del monitoreo participativo)",PUNA-2024-02
PZ-7,2024-02-22,mercurio,<,0.0001,mg/L,0.0001,"<0,0001",mg/L,"IIA (Salta, ago-2024), cap. 2a p.118-119 Tabla 32 (columna ""Pozo 7_Feb24""; = IIA (Catamarca), cap. 2a p.121-122) (día no informado: se usa el del monitoreo participativo)",PUNA-2024-02
PZ-7,2024-02-22,niquel,<,0.02,mg/L,0.02,"<0,02",mg/L,"IIA (Salta, ago-2024), cap. 2a p.118-119 Tabla 32 (columna ""Pozo 7_Feb24""; = IIA (Catamarca), cap. 2a p.121-122) (día no informado: se usa el del monitoreo participativo)",PUNA-2024-02
PZ-7,2024-02-22,nitratos,,2.0,mg/L,,2.00,mg/L,"IIA (Salta, ago-2024), cap. 2a p.118-119 Tabla 32 (columna ""Pozo 7_Feb24""; = IIA (Catamarca), cap. 2a p.121-122) (día no informado: se usa el del monitoreo participativo)",PUNA-2024-02
PZ-7,2024-02-22,nitritos,<,0.05,mg/L,0.05,"<0,05",mg/L,"IIA (Salta, ago-2024), cap. 2a p.118-119 Tabla 32 (columna ""Pozo 7_Feb24""; = IIA (Catamarca), cap. 2a p.121-122) (día no informado: se usa el del monitoreo participativo)",PUNA-2024-02
PZ-7,2024-02-22,ph,,6.0,upH,,6.00,,"IIA (Salta, ago-2024), cap. 2a p.118-119 Tabla 32 (columna ""Pozo 7_Feb24""; = IIA (Catamarca), cap. 2a p.121-122) (día no informado: se usa el del monitoreo participativo)",PUNA-2024-02
PZ-7,2024-02-22,plata,<,0.05,mg/L,0.05,"<0,05",mg/L,"IIA (Salta, ago-2024), cap. 2a p.118-119 Tabla 32 (columna ""Pozo 7_Feb24""; = IIA (Catamarca), cap. 2a p.121-122) (día no informado: se usa el del monitoreo participativo)",PUNA-2024-02
PZ-7,2024-02-22,plomo,<,0.01,mg/L,0.01,"<0,01",mg/L,"IIA (Salta, ago-2024), cap. 2a p.118-119 Tabla 32 (columna ""Pozo 7_Feb24""; = IIA (Catamarca), cap. 2a p.121-122) (día no informado: se usa el del monitoreo participativo)",PUNA-2024-02
PZ-7,2024-02-22,sdt,,919.0,mg/L,,919.00,mg/L,"IIA (Salta, ago-2024), cap. 2a p.118-119 Tabla 32 (columna ""Pozo 7_Feb24""; = IIA (Catamarca), cap. 2a p.121-122) (día no informado: se usa el del monitoreo participativo)",PUNA-2024-02
PZ-7,2024-02-22,selenio,<,0.01,mg/L,0.01,"<0,01",mg/L,"IIA (Salta, ago-2024), cap. 2a p.118-119 Tabla 32 (columna ""Pozo 7_Feb24""; = IIA (Catamarca), cap. 2a p.121-122) (día no informado: se usa el del monitoreo participativo)",PUNA-2024-02
PZ-7,2024-02-22,uranio,<,0.01,mg/L,0.01,<0.01,mg/L,"IIA (Salta, ago-2024), cap. 2a p.118-119 Tabla 32 (columna ""Pozo 7_Feb24""; = IIA (Catamarca), cap. 2a p.121-122) (día no informado: se usa el del monitoreo participativo)",PUNA-2024-02
PZ-7,2024-03-15,aluminio,,1.022,mg/L,,1.022,mg/L,"IIA (Salta, ago-2024), cap. 2a p.118-119 Tabla 32 (columna ""Pozo 7_Mar24""; = IIA (Catamarca), cap. 2a p.121-122) (día no informado: se usa el 15)",PUNA-2024-03
PZ-7,2024-03-15,antimonio,<,0.01,mg/L,0.01,<0.01,mg/L,"IIA (Salta, ago-2024), cap. 2a p.118-119 Tabla 32 (columna ""Pozo 7_Mar24""; = IIA (Catamarca), cap. 2a p.121-122) (día no informado: se usa el 15)",PUNA-2024-03
PZ-7,2024-03-15,arsenico,,0.184,mg/L,,0.184,mg/L,"IIA (Salta, ago-2024), cap. 2a p.118-119 Tabla 32 (columna ""Pozo 7_Mar24""; = IIA (Catamarca), cap. 2a p.121-122) (día no informado: se usa el 15)",PUNA-2024-03
PZ-7,2024-03-15,bario,,0.044,mg/L,,0.044,mg/L,"IIA (Salta, ago-2024), cap. 2a p.118-119 Tabla 32 (columna ""Pozo 7_Mar24""; = IIA (Catamarca), cap. 2a p.121-122) (día no informado: se usa el 15)",PUNA-2024-03
PZ-7,2024-03-15,berilio,<,0.01,mg/L,0.01,<0.01,mg/L,"IIA (Salta, ago-2024), cap. 2a p.118-119 Tabla 32 (columna ""Pozo 7_Mar24""; = IIA (Catamarca), cap. 2a p.121-122) (día no informado: se usa el 15)",PUNA-2024-03
PZ-7,2024-03-15,cadmio,<,0.01,mg/L,0.01,<0.01,mg/L,"IIA (Salta, ago-2024), cap. 2a p.118-119 Tabla 32 (columna ""Pozo 7_Mar24""; = IIA (Catamarca), cap. 2a p.121-122) (día no informado: se usa el 15)",PUNA-2024-03
PZ-7,2024-03-15,cobre,,0.193,mg/L,,0.193,mg/L,"IIA (Salta, ago-2024), cap. 2a p.118-119 Tabla 32 (columna ""Pozo 7_Mar24""; = IIA (Catamarca), cap. 2a p.121-122) (día no informado: se usa el 15)",PUNA-2024-03
PZ-7,2024-03-15,cromo,<,0.01,mg/L,0.01,<0.01,mg/L,"IIA (Salta, ago-2024), cap. 2a p.118-119 Tabla 32 (columna ""Pozo 7_Mar24""; = IIA (Catamarca), cap. 2a p.121-122) (día no informado: se usa el 15)",PUNA-2024-03
PZ-7,2024-03-15,fluoruros,,0.76,mg/L,,0.76,mg/L,"IIA (Salta, ago-2024), cap. 2a p.118-119 Tabla 32 (columna ""Pozo 7_Mar24""; = IIA (Catamarca), cap. 2a p.121-122) (día no informado: se usa el 15)",PUNA-2024-03
PZ-7,2024-03-15,mercurio,<,0.0005,mg/L,0.0005,<0.0005,mg/L,"IIA (Salta, ago-2024), cap. 2a p.118-119 Tabla 32 (columna ""Pozo 7_Mar24""; = IIA (Catamarca), cap. 2a p.121-122) (día no informado: se usa el 15)",PUNA-2024-03
PZ-7,2024-03-15,niquel,,0.019,mg/L,,0.019,mg/L,"IIA (Salta, ago-2024), cap. 2a p.118-119 Tabla 32 (columna ""Pozo 7_Mar24""; = IIA (Catamarca), cap. 2a p.121-122) (día no informado: se usa el 15)",PUNA-2024-03
PZ-7,2024-03-15,ph,,5.9,upH,,5.9,,"IIA (Salta, ago-2024), cap. 2a p.118-119 Tabla 32 (columna ""Pozo 7_Mar24""; = IIA (Catamarca), cap. 2a p.121-122) (día no informado: se usa el 15)",PUNA-2024-03
PZ-7,2024-03-15,plata,<,0.01,mg/L,0.01,<0.01,mg/L,"IIA (Salta, ago-2024), cap. 2a p.118-119 Tabla 32 (columna ""Pozo 7_Mar24""; = IIA (Catamarca), cap. 2a p.121-122) (día no informado: se usa el 15)",PUNA-2024-03
PZ-7,2024-03-15,plomo,<,0.01,mg/L,0.01,<0.01,mg/L,"IIA (Salta, ago-2024), cap. 2a p.118-119 Tabla 32 (columna ""Pozo 7_Mar24""; = IIA (Catamarca), cap. 2a p.121-122) (día no informado: se usa el 15)",PUNA-2024-03
PZ-7,2024-03-15,sdt,,1990.0,mg/L,,1990,mg/L,"IIA (Salta, ago-2024), cap. 2a p.118-119 Tabla 32 (columna ""Pozo 7_Mar24""; = IIA (Catamarca), cap. 2a p.121-122) (día no informado: se usa el 15)",PUNA-2024-03
PZ-7,2024-03-15,uranio,<,0.01,mg/L,0.01,<0.01,mg/L,"IIA (Salta, ago-2024), cap. 2a p.118-119 Tabla 32 (columna ""Pozo 7_Mar24""; = IIA (Catamarca), cap. 2a p.121-122) (día no informado: se usa el 15)",PUNA-2024-03
PZ-7,2024-03-15,zinc,,0.372,mg/L,,0.372,mg/L,"IIA (Salta, ago-2024), cap. 2a p.118-119 Tabla 32 (columna ""Pozo 7_Mar24""; = IIA (Catamarca), cap. 2a p.121-122) (día no informado: se usa el 15)",PUNA-2024-03
PZ-7,2024-04-15,aluminio,,1.072,mg/L,,1.072,mg/L,"IIA (Salta, ago-2024), cap. 2a p.118-119 Tabla 32 (columna ""Pozo 7_Abr24""; = IIA (Catamarca), cap. 2a p.121-122) (día no informado: se usa el 15)",PUNA-2024-04
PZ-7,2024-04-15,antimonio,<,0.01,mg/L,0.01,<0.01,mg/L,"IIA (Salta, ago-2024), cap. 2a p.118-119 Tabla 32 (columna ""Pozo 7_Abr24""; = IIA (Catamarca), cap. 2a p.121-122) (día no informado: se usa el 15)",PUNA-2024-04
PZ-7,2024-04-15,arsenico,,0.575,mg/L,,0.575,mg/L,"IIA (Salta, ago-2024), cap. 2a p.118-119 Tabla 32 (columna ""Pozo 7_Abr24""; = IIA (Catamarca), cap. 2a p.121-122) (día no informado: se usa el 15)",PUNA-2024-04
PZ-7,2024-04-15,bario,,0.042,mg/L,,0.042,mg/L,"IIA (Salta, ago-2024), cap. 2a p.118-119 Tabla 32 (columna ""Pozo 7_Abr24""; = IIA (Catamarca), cap. 2a p.121-122) (día no informado: se usa el 15)",PUNA-2024-04
PZ-7,2024-04-15,berilio,<,0.01,mg/L,0.01,<0.01,mg/L,"IIA (Salta, ago-2024), cap. 2a p.118-119 Tabla 32 (columna ""Pozo 7_Abr24""; = IIA (Catamarca), cap. 2a p.121-122) (día no informado: se usa el 15)",PUNA-2024-04
PZ-7,2024-04-15,cadmio,<,0.01,mg/L,0.01,<0.01,mg/L,"IIA (Salta, ago-2024), cap. 2a p.118-119 Tabla 32 (columna ""Pozo 7_Abr24""; = IIA (Catamarca), cap. 2a p.121-122) (día no informado: se usa el 15)",PUNA-2024-04
PZ-7,2024-04-15,cobre,,0.453,mg/L,,0.453,mg/L,"IIA (Salta, ago-2024), cap. 2a p.118-119 Tabla 32 (columna ""Pozo 7_Abr24""; = IIA (Catamarca), cap. 2a p.121-122) (día no informado: se usa el 15)",PUNA-2024-04
PZ-7,2024-04-15,cromo,,0.063,mg/L,,0.063,mg/L,"IIA (Salta, ago-2024), cap. 2a p.118-119 Tabla 32 (columna ""Pozo 7_Abr24""; = IIA (Catamarca), cap. 2a p.121-122) (día no informado: se usa el 15)",PUNA-2024-04
PZ-7,2024-04-15,fluoruros,,0.85,mg/L,,0.85,mg/L,"IIA (Salta, ago-2024), cap. 2a p.118-119 Tabla 32 (columna ""Pozo 7_Abr24""; = IIA (Catamarca), cap. 2a p.121-122) (día no informado: se usa el 15)",PUNA-2024-04
PZ-7,2024-04-15,mercurio,<,0.0005,mg/L,0.0005,<0.0005,mg/L,"IIA (Salta, ago-2024), cap. 2a p.118-119 Tabla 32 (columna ""Pozo 7_Abr24""; = IIA (Catamarca), cap. 2a p.121-122) (día no informado: se usa el 15)",PUNA-2024-04
PZ-7,2024-04-15,niquel,,0.133,mg/L,,0.133,mg/L,"IIA (Salta, ago-2024), cap. 2a p.118-119 Tabla 32 (columna ""Pozo 7_Abr24""; = IIA (Catamarca), cap. 2a p.121-122) (día no informado: se usa el 15)",PUNA-2024-04
PZ-7,2024-04-15,ph,,5.6,upH,,5.6,,"IIA (Salta, ago-2024), cap. 2a p.118-119 Tabla 32 (columna ""Pozo 7_Abr24""; = IIA (Catamarca), cap. 2a p.121-122) (día no informado: se usa el 15)",PUNA-2024-04
PZ-7,2024-04-15,plata,<,0.01,mg/L,0.01,<0.01,mg/L,"IIA (Salta, ago-2024), cap. 2a p.118-119 Tabla 32 (columna ""Pozo 7_Abr24""; = IIA (Catamarca), cap. 2a p.121-122) (día no informado: se usa el 15)",PUNA-2024-04
PZ-7,2024-04-15,plomo,<,0.01,mg/L,0.01,<0.01,mg/L,"IIA (Salta, ago-2024), cap. 2a p.118-119 Tabla 32 (columna ""Pozo 7_Abr24""; = IIA (Catamarca), cap. 2a p.121-122) (día no informado: se usa el 15)",PUNA-2024-04
PZ-7,2024-04-15,sdt,,2028.0,mg/L,,2028,mg/L,"IIA (Salta, ago-2024), cap. 2a p.118-119 Tabla 32 (columna ""Pozo 7_Abr24""; = IIA (Catamarca), cap. 2a p.121-122) (día no informado: se usa el 15)",PUNA-2024-04
PZ-7,2024-04-15,uranio,<,0.01,mg/L,0.01,<0.01,mg/L,"IIA (Salta, ago-2024), cap. 2a p.118-119 Tabla 32 (columna ""Pozo 7_Abr24""; = IIA (Catamarca), cap. 2a p.121-122) (día no informado: se usa el 15)",PUNA-2024-04
PZ-7,2024-04-15,zinc,,0.203,mg/L,,0.203,mg/L,"IIA (Salta, ago-2024), cap. 2a p.118-119 Tabla 32 (columna ""Pozo 7_Abr24""; = IIA (Catamarca), cap. 2a p.121-122) (día no informado: se usa el 15)",PUNA-2024-04
PZ-7,2024-05-15,aluminio,,1.008,mg/L,,1.008,mg/L,"IIA (Salta, ago-2024), cap. 2a p.118-119 Tabla 32 (columna ""Pozo 7_May24""; = IIA (Catamarca), cap. 2a p.121-122) (día no informado: se usa el 15)",PUNA-2024-05
PZ-7,2024-05-15,antimonio,<,0.01,mg/L,0.01,<0.01,mg/L,"IIA (Salta, ago-2024), cap. 2a p.118-119 Tabla 32 (columna ""Pozo 7_May24""; = IIA (Catamarca), cap. 2a p.121-122) (día no informado: se usa el 15)",PUNA-2024-05
PZ-7,2024-05-15,arsenico,,0.142,mg/L,,0.142,mg/L,"IIA (Salta, ago-2024), cap. 2a p.118-119 Tabla 32 (columna ""Pozo 7_May24""; = IIA (Catamarca), cap. 2a p.121-122) (día no informado: se usa el 15)",PUNA-2024-05
PZ-7,2024-05-15,bario,,0.042,mg/L,,0.042,mg/L,"IIA (Salta, ago-2024), cap. 2a p.118-119 Tabla 32 (columna ""Pozo 7_May24""; = IIA (Catamarca), cap. 2a p.121-122) (día no informado: se usa el 15)",PUNA-2024-05
PZ-7,2024-05-15,berilio,<,0.01,mg/L,0.01,<0.01,mg/L,"IIA (Salta, ago-2024), cap. 2a p.118-119 Tabla 32 (columna ""Pozo 7_May24""; = IIA (Catamarca), cap. 2a p.121-122) (día no informado: se usa el 15)",PUNA-2024-05
PZ-7,2024-05-15,cadmio,<,0.01,mg/L,0.01,<0.01,mg/L,"IIA (Salta, ago-2024), cap. 2a p.118-119 Tabla 32 (columna ""Pozo 7_May24""; = IIA (Catamarca), cap. 2a p.121-122) (día no informado: se usa el 15)",PUNA-2024-05
PZ-7,2024-05-15,cobre,,0.298,mg/L,,0.298,mg/L,"IIA (Salta, ago-2024), cap. 2a p.118-119 Tabla 32 (columna ""Pozo 7_May24""; = IIA (Catamarca), cap. 2a p.121-122) (día no informado: se usa el 15)",PUNA-2024-05
PZ-7,2024-05-15,cromo,<,0.01,mg/L,0.01,<0.01,mg/L,"IIA (Salta, ago-2024), cap. 2a p.118-119 Tabla 32 (columna ""Pozo 7_May24""; = IIA (Catamarca), cap. 2a p.121-122) (día no informado: se usa el 15)",PUNA-2024-05
PZ-7,2024-05-15,fluoruros,<,0.5,mg/L,0.5,<0.5,mg/L,"IIA (Salta, ago-2024), cap. 2a p.118-119 Tabla 32 (columna ""Pozo 7_May24""; = IIA (Catamarca), cap. 2a p.121-122) (día no informado: se usa el 15)",PUNA-2024-05
PZ-7,2024-05-15,mercurio,<,0.0005,mg/L,0.0005,<0.0005,mg/L,"IIA (Salta, ago-2024), cap. 2a p.118-119 Tabla 32 (columna ""Pozo 7_May24""; = IIA (Catamarca), cap. 2a p.121-122) (día no informado: se usa el 15)",PUNA-2024-05
PZ-7,2024-05-15,niquel,,0.015,mg/L,,0.015,mg/L,"IIA (Salta, ago-2024), cap. 2a p.118-119 Tabla 32 (columna ""Pozo 7_May24""; = IIA (Catamarca), cap. 2a p.121-122) (día no informado: se usa el 15)",PUNA-2024-05
PZ-7,2024-05-15,ph,,5.6,upH,,5.6,,"IIA (Salta, ago-2024), cap. 2a p.118-119 Tabla 32 (columna ""Pozo 7_May24""; = IIA (Catamarca), cap. 2a p.121-122) (día no informado: se usa el 15)",PUNA-2024-05
PZ-7,2024-05-15,plata,<,0.01,mg/L,0.01,<0.01,mg/L,"IIA (Salta, ago-2024), cap. 2a p.118-119 Tabla 32 (columna ""Pozo 7_May24""; = IIA (Catamarca), cap. 2a p.121-122) (día no informado: se usa el 15)",PUNA-2024-05
PZ-7,2024-05-15,plomo,,0.01,mg/L,,0.010,mg/L,"IIA (Salta, ago-2024), cap. 2a p.118-119 Tabla 32 (columna ""Pozo 7_May24""; = IIA (Catamarca), cap. 2a p.121-122) (día no informado: se usa el 15)",PUNA-2024-05
PZ-7,2024-05-15,sdt,,2528.0,mg/L,,2528,mg/L,"IIA (Salta, ago-2024), cap. 2a p.118-119 Tabla 32 (columna ""Pozo 7_May24""; = IIA (Catamarca), cap. 2a p.121-122) (día no informado: se usa el 15)",PUNA-2024-05
PZ-7,2024-05-15,uranio,<,0.01,mg/L,0.01,<0.01,mg/L,"IIA (Salta, ago-2024), cap. 2a p.118-119 Tabla 32 (columna ""Pozo 7_May24""; = IIA (Catamarca), cap. 2a p.121-122) (día no informado: se usa el 15)",PUNA-2024-05
PZ-7,2024-05-15,zinc,,1.912,mg/L,,1.912,mg/L,"IIA (Salta, ago-2024), cap. 2a p.118-119 Tabla 32 (columna ""Pozo 7_May24""; = IIA (Catamarca), cap. 2a p.121-122) (día no informado: se usa el 15)",PUNA-2024-05
PZ-7,2024-06-15,aluminio,,0.987,mg/L,,0.987,mg/L,"IIA (Salta, ago-2024), cap. 2a p.118-119 Tabla 32 (columna ""Pozo 7_Jun24""; = IIA (Catamarca), cap. 2a p.121-122) (día no informado: se usa el 15)",PUNA-2024-06
PZ-7,2024-06-15,antimonio,<,0.01,mg/L,0.01,<0.01,mg/L,"IIA (Salta, ago-2024), cap. 2a p.118-119 Tabla 32 (columna ""Pozo 7_Jun24""; = IIA (Catamarca), cap. 2a p.121-122) (día no informado: se usa el 15)",PUNA-2024-06
PZ-7,2024-06-15,arsenico,,0.131,mg/L,,0.131,mg/L,"IIA (Salta, ago-2024), cap. 2a p.118-119 Tabla 32 (columna ""Pozo 7_Jun24""; = IIA (Catamarca), cap. 2a p.121-122) (día no informado: se usa el 15)",PUNA-2024-06
PZ-7,2024-06-15,bario,,0.03,mg/L,,0.030,mg/L,"IIA (Salta, ago-2024), cap. 2a p.118-119 Tabla 32 (columna ""Pozo 7_Jun24""; = IIA (Catamarca), cap. 2a p.121-122) (día no informado: se usa el 15)",PUNA-2024-06
PZ-7,2024-06-15,berilio,<,0.01,mg/L,0.01,<0.01,mg/L,"IIA (Salta, ago-2024), cap. 2a p.118-119 Tabla 32 (columna ""Pozo 7_Jun24""; = IIA (Catamarca), cap. 2a p.121-122) (día no informado: se usa el 15)",PUNA-2024-06
PZ-7,2024-06-15,cadmio,<,0.01,mg/L,0.01,<0.01,mg/L,"IIA (Salta, ago-2024), cap. 2a p.118-119 Tabla 32 (columna ""Pozo 7_Jun24""; = IIA (Catamarca), cap. 2a p.121-122) (día no informado: se usa el 15)",PUNA-2024-06
PZ-7,2024-06-15,cobre,,0.122,mg/L,,0.122,mg/L,"IIA (Salta, ago-2024), cap. 2a p.118-119 Tabla 32 (columna ""Pozo 7_Jun24""; = IIA (Catamarca), cap. 2a p.121-122) (día no informado: se usa el 15)",PUNA-2024-06
PZ-7,2024-06-15,cromo,<,0.01,mg/L,0.01,<0.01,mg/L,"IIA (Salta, ago-2024), cap. 2a p.118-119 Tabla 32 (columna ""Pozo 7_Jun24""; = IIA (Catamarca), cap. 2a p.121-122) (día no informado: se usa el 15)",PUNA-2024-06
PZ-7,2024-06-15,fluoruros,,0.96,mg/L,,0.96,mg/L,"IIA (Salta, ago-2024), cap. 2a p.118-119 Tabla 32 (columna ""Pozo 7_Jun24""; = IIA (Catamarca), cap. 2a p.121-122) (día no informado: se usa el 15)",PUNA-2024-06
PZ-7,2024-06-15,mercurio,<,0.0005,mg/L,0.0005,<0.0005,mg/L,"IIA (Salta, ago-2024), cap. 2a p.118-119 Tabla 32 (columna ""Pozo 7_Jun24""; = IIA (Catamarca), cap. 2a p.121-122) (día no informado: se usa el 15)",PUNA-2024-06
PZ-7,2024-06-15,niquel,,0.01,mg/L,,0.010,mg/L,"IIA (Salta, ago-2024), cap. 2a p.118-119 Tabla 32 (columna ""Pozo 7_Jun24""; = IIA (Catamarca), cap. 2a p.121-122) (día no informado: se usa el 15)",PUNA-2024-06
PZ-7,2024-06-15,ph,,5.9,upH,,5.9,,"IIA (Salta, ago-2024), cap. 2a p.118-119 Tabla 32 (columna ""Pozo 7_Jun24""; = IIA (Catamarca), cap. 2a p.121-122) (día no informado: se usa el 15)",PUNA-2024-06
PZ-7,2024-06-15,plata,<,0.01,mg/L,0.01,<0.01,mg/L,"IIA (Salta, ago-2024), cap. 2a p.118-119 Tabla 32 (columna ""Pozo 7_Jun24""; = IIA (Catamarca), cap. 2a p.121-122) (día no informado: se usa el 15)",PUNA-2024-06
PZ-7,2024-06-15,plomo,<,0.01,mg/L,0.01,<0.01,mg/L,"IIA (Salta, ago-2024), cap. 2a p.118-119 Tabla 32 (columna ""Pozo 7_Jun24""; = IIA (Catamarca), cap. 2a p.121-122) (día no informado: se usa el 15)",PUNA-2024-06
PZ-7,2024-06-15,sdt,,2124.0,mg/L,,2124,mg/L,"IIA (Salta, ago-2024), cap. 2a p.118-119 Tabla 32 (columna ""Pozo 7_Jun24""; = IIA (Catamarca), cap. 2a p.121-122) (día no informado: se usa el 15)",PUNA-2024-06
PZ-7,2024-06-15,uranio,<,0.02,mg/L,0.02,<0.02,mg/L,"IIA (Salta, ago-2024), cap. 2a p.118-119 Tabla 32 (columna ""Pozo 7_Jun24""; = IIA (Catamarca), cap. 2a p.121-122) (día no informado: se usa el 15)",PUNA-2024-06
PZ-7,2024-06-15,zinc,,1.151,mg/L,,1.151,mg/L,"IIA (Salta, ago-2024), cap. 2a p.118-119 Tabla 32 (columna ""Pozo 7_Jun24""; = IIA (Catamarca), cap. 2a p.121-122) (día no informado: se usa el 15)",PUNA-2024-06
BQ,2025-01-16,aluminio,,0.113,mg/L,,0.113,mg/l,informe de laboratorio MA25-00070 p.2-3 ; resumido en respuesta a observaciones de Catamarca (sep-2025) Tablas 11-14 (se usan los valores del informe de laboratorio),PUNA-2025-01
BQ,2025-01-16,amonio,,6.2,mg/L,,6.20,mg/l,informe de laboratorio MA25-00070 p.2-3 ; resumido en respuesta a observaciones de Catamarca (sep-2025) Tablas 11-14 (se usan los valores del informe de laboratorio),PUNA-2025-01
BQ,2025-01-16,antimonio,<,0.01,mg/L,0.01,<0.01,mg/l,informe de laboratorio MA25-00070 p.2-3 ; resumido en respuesta a observaciones de Catamarca (sep-2025) Tablas 11-14 (se usan los valores del informe de laboratorio),PUNA-2025-01
BQ,2025-01-16,arsenico,,0.082,mg/L,,0.082,mg/l,informe de laboratorio MA25-00070 p.2-3 ; resumido en respuesta a observaciones de Catamarca (sep-2025) Tablas 11-14 (se usan los valores del informe de laboratorio),PUNA-2025-01
BQ,2025-01-16,bario,,0.121,mg/L,,0.121,mg/l,informe de laboratorio MA25-00070 p.2-3 ; resumido en respuesta a observaciones de Catamarca (sep-2025) Tablas 11-14 (se usan los valores del informe de laboratorio),PUNA-2025-01
BQ,2025-01-16,berilio,<,0.01,mg/L,0.01,<0.01,mg/l,informe de laboratorio MA25-00070 p.2-3 ; resumido en respuesta a observaciones de Catamarca (sep-2025) Tablas 11-14 (se usan los valores del informe de laboratorio),PUNA-2025-01
BQ,2025-01-16,boro,,90.22,mg/L,,90.22,mg/l,informe de laboratorio MA25-00070 p.2-3 ; resumido en respuesta a observaciones de Catamarca (sep-2025) Tablas 11-14 (se usan los valores del informe de laboratorio),PUNA-2025-01
BQ,2025-01-16,cadmio,<,0.01,mg/L,0.01,<0.01,mg/l,informe de laboratorio MA25-00070 p.2-3 ; resumido en respuesta a observaciones de Catamarca (sep-2025) Tablas 11-14 (se usan los valores del informe de laboratorio),PUNA-2025-01
BQ,2025-01-16,calcio,,116.9,mg/L,,116.90,mg/l,informe de laboratorio MA25-00070 p.2-3 ; resumido en respuesta a observaciones de Catamarca (sep-2025) Tablas 11-14 (se usan los valores del informe de laboratorio),PUNA-2025-01
BQ,2025-01-16,cianuro,<,0.01,mg/L,0.01,<0.01,mg/l,informe de laboratorio MA25-00070 p.2-3 ; resumido en respuesta a observaciones de Catamarca (sep-2025) Tablas 11-14 (se usan los valores del informe de laboratorio),PUNA-2025-01
BQ,2025-01-16,cloruros,,2742.2,mg/L,,2742.2,mg/l,informe de laboratorio MA25-00070 p.2-3 ; resumido en respuesta a observaciones de Catamarca (sep-2025) Tablas 11-14 (se usan los valores del informe de laboratorio),PUNA-2025-01
BQ,2025-01-16,cobalto,<,0.01,mg/L,0.01,<0.01,mg/l,informe de laboratorio MA25-00070 p.2-3 ; resumido en respuesta a observaciones de Catamarca (sep-2025) Tablas 11-14 (se usan los valores del informe de laboratorio),PUNA-2025-01
BQ,2025-01-16,cobre,,0.099,mg/L,,0.099,mg/l,informe de laboratorio MA25-00070 p.2-3 ; resumido en respuesta a observaciones de Catamarca (sep-2025) Tablas 11-14 (se usan los valores del informe de laboratorio),PUNA-2025-01
BQ,2025-01-16,conductividad,,9565.0,µS/cm,,9565.0,uS/cm,informe de laboratorio MA25-00070 p.2-3 ; resumido en respuesta a observaciones de Catamarca (sep-2025) Tablas 11-14 (se usan los valores del informe de laboratorio),PUNA-2025-01
BQ,2025-01-16,cromo,<,0.01,mg/L,0.01,<0.01,mg/l,informe de laboratorio MA25-00070 p.2-3 ; resumido en respuesta a observaciones de Catamarca (sep-2025) Tablas 11-14 (se usan los valores del informe de laboratorio),PUNA-2025-01
BQ,2025-01-16,fluoruros,<,0.5,mg/L,0.5,<0.5,mg/l,informe de laboratorio MA25-00070 p.2-3 ; resumido en respuesta a observaciones de Catamarca (sep-2025) Tablas 11-14 (se usan los valores del informe de laboratorio),PUNA-2025-01
BQ,2025-01-16,hierro,,1.09,mg/L,,1.09,mg/l,informe de laboratorio MA25-00070 p.2-3 ; resumido en respuesta a observaciones de Catamarca (sep-2025) Tablas 11-14 (se usan los valores del informe de laboratorio),PUNA-2025-01
BQ,2025-01-16,litio,,16.466,mg/L,,16.466,mg/l,informe de laboratorio MA25-00070 p.2-3 ; resumido en respuesta a observaciones de Catamarca (sep-2025) Tablas 11-14 (se usan los valores del informe de laboratorio),PUNA-2025-01
BQ,2025-01-16,magnesio,,59.67,mg/L,,59.67,mg/l,informe de laboratorio MA25-00070 p.2-3 ; resumido en respuesta a observaciones de Catamarca (sep-2025) Tablas 11-14 (se usan los valores del informe de laboratorio),PUNA-2025-01
BQ,2025-01-16,manganeso,,0.115,mg/L,,0.115,mg/l,informe de laboratorio MA25-00070 p.2-3 ; resumido en respuesta a observaciones de Catamarca (sep-2025) Tablas 11-14 (se usan los valores del informe de laboratorio),PUNA-2025-01
BQ,2025-01-16,mercurio,<,0.0005,mg/L,0.0005,<0.0005,mg/l,informe de laboratorio MA25-00070 p.2-3 ; resumido en respuesta a observaciones de Catamarca (sep-2025) Tablas 11-14 (se usan los valores del informe de laboratorio),PUNA-2025-01
BQ,2025-01-16,molibdeno,,0.023,mg/L,,0.023,mg/l,informe de laboratorio MA25-00070 p.2-3 ; resumido en respuesta a observaciones de Catamarca (sep-2025) Tablas 11-14 (se usan los valores del informe de laboratorio),PUNA-2025-01
BQ,2025-01-16,niquel,<,0.01,mg/L,0.01,<0.01,mg/l,informe de laboratorio MA25-00070 p.2-3 ; resumido en respuesta a observaciones de Catamarca (sep-2025) Tablas 11-14 (se usan los valores del informe de laboratorio),PUNA-2025-01
BQ,2025-01-16,nitratos,,18.0,mg/L,,18,mg/l,informe de laboratorio MA25-00070 p.2-3 ; resumido en respuesta a observaciones de Catamarca (sep-2025) Tablas 11-14 (se usan los valores del informe de laboratorio),PUNA-2025-01
BQ,2025-01-16,nitritos,<,0.04,mg/L,0.04,<0.04,mg/l,informe de laboratorio MA25-00070 p.2-3 ; resumido en respuesta a observaciones de Catamarca (sep-2025) Tablas 11-14 (se usan los valores del informe de laboratorio),PUNA-2025-01
BQ,2025-01-16,ph,,7.9,upH,,7.9,Unidad de pH,informe de laboratorio MA25-00070 p.2-3 ; resumido en respuesta a observaciones de Catamarca (sep-2025) Tablas 11-14 (se usan los valores del informe de laboratorio),PUNA-2025-01
BQ,2025-01-16,plata,<,0.01,mg/L,0.01,<0.01,mg/l,informe de laboratorio MA25-00070 p.2-3 ; resumido en respuesta a observaciones de Catamarca (sep-2025) Tablas 11-14 (se usan los valores del informe de laboratorio),PUNA-2025-01
BQ,2025-01-16,plomo,<,0.01,mg/L,0.01,<0.01,mg/l,informe de laboratorio MA25-00070 p.2-3 ; resumido en respuesta a observaciones de Catamarca (sep-2025) Tablas 11-14 (se usan los valores del informe de laboratorio),PUNA-2025-01
BQ,2025-01-16,potasio,,253.35,mg/L,,253.35,mg/l,informe de laboratorio MA25-00070 p.2-3 ; resumido en respuesta a observaciones de Catamarca (sep-2025) Tablas 11-14 (se usan los valores del informe de laboratorio),PUNA-2025-01
BQ,2025-01-16,sdt,,6456.0,mg/L,,6456,mg/l,informe de laboratorio MA25-00070 p.2-3 ; resumido en respuesta a observaciones de Catamarca (sep-2025) Tablas 11-14 (se usan los valores del informe de laboratorio),PUNA-2025-01
BQ,2025-01-16,selenio,,0.072,mg/L,,0.072,mg/l,informe de laboratorio MA25-00070 p.2-3 ; resumido en respuesta a observaciones de Catamarca (sep-2025) Tablas 11-14 (se usan los valores del informe de laboratorio),PUNA-2025-01
BQ,2025-01-16,sodio,,1752.05,mg/L,,1752.05,mg/l,informe de laboratorio MA25-00070 p.2-3 ; resumido en respuesta a observaciones de Catamarca (sep-2025) Tablas 11-14 (se usan los valores del informe de laboratorio),PUNA-2025-01
BQ,2025-01-16,sulfatos,,75.0,mg/L,,75,mg/l,informe de laboratorio MA25-00070 p.2-3 ; resumido en respuesta a observaciones de Catamarca (sep-2025) Tablas 11-14 (se usan los valores del informe de laboratorio),PUNA-2025-01
BQ,2025-01-16,uranio,<,0.01,mg/L,0.01,<0.01,mg/l,informe de laboratorio MA25-00070 p.2-3 ; resumido en respuesta a observaciones de Catamarca (sep-2025) Tablas 11-14 (se usan los valores del informe de laboratorio),PUNA-2025-01
BQ,2025-01-16,vanadio,,0.018,mg/L,,0.018,mg/l,informe de laboratorio MA25-00070 p.2-3 ; resumido en respuesta a observaciones de Catamarca (sep-2025) Tablas 11-14 (se usan los valores del informe de laboratorio),PUNA-2025-01
BQ,2025-01-16,zinc,,0.051,mg/L,,0.051,mg/l,informe de laboratorio MA25-00070 p.2-3 ; resumido en respuesta a observaciones de Catamarca (sep-2025) Tablas 11-14 (se usan los valores del informe de laboratorio),PUNA-2025-01
CR,2025-02-12,aluminio,,0.576,mg/L,,0.576,mg/l,informe de laboratorio MA25-00260 p.2-3 ; resumido en respuesta a observaciones de Catamarca (sep-2025) Tablas 11-14 (se usan los valores del informe de laboratorio),PUNA-2025-02
CR,2025-02-12,amonio,,0.06,mg/L,,0.06,mg/l,informe de laboratorio MA25-00260 p.2-3 ; resumido en respuesta a observaciones de Catamarca (sep-2025) Tablas 11-14 (se usan los valores del informe de laboratorio),PUNA-2025-02
CR,2025-02-12,antimonio,<,0.01,mg/L,0.01,<0.01,mg/l,informe de laboratorio MA25-00260 p.2-3 ; resumido en respuesta a observaciones de Catamarca (sep-2025) Tablas 11-14 (se usan los valores del informe de laboratorio),PUNA-2025-02
CR,2025-02-12,arsenico,,0.056,mg/L,,0.056,mg/l,informe de laboratorio MA25-00260 p.2-3 ; resumido en respuesta a observaciones de Catamarca (sep-2025) Tablas 11-14 (se usan los valores del informe de laboratorio),PUNA-2025-02
CR,2025-02-12,bario,,0.102,mg/L,,0.102,mg/l,informe de laboratorio MA25-00260 p.2-3 ; resumido en respuesta a observaciones de Catamarca (sep-2025) Tablas 11-14 (se usan los valores del informe de laboratorio),PUNA-2025-02
CR,2025-02-12,berilio,<,0.01,mg/L,0.01,<0.01,mg/l,informe de laboratorio MA25-00260 p.2-3 ; resumido en respuesta a observaciones de Catamarca (sep-2025) Tablas 11-14 (se usan los valores del informe de laboratorio),PUNA-2025-02
CR,2025-02-12,boro,,86.77,mg/L,,86.77,mg/l,informe de laboratorio MA25-00260 p.2-3 ; resumido en respuesta a observaciones de Catamarca (sep-2025) Tablas 11-14 (se usan los valores del informe de laboratorio),PUNA-2025-02
CR,2025-02-12,cadmio,<,0.01,mg/L,0.01,<0.01,mg/l,informe de laboratorio MA25-00260 p.2-3 ; resumido en respuesta a observaciones de Catamarca (sep-2025) Tablas 11-14 (se usan los valores del informe de laboratorio),PUNA-2025-02
CR,2025-02-12,calcio,,632.24,mg/L,,632.24,mg/l,informe de laboratorio MA25-00260 p.2-3 ; resumido en respuesta a observaciones de Catamarca (sep-2025) Tablas 11-14 (se usan los valores del informe de laboratorio),PUNA-2025-02
CR,2025-02-12,cianuro,<,0.01,mg/L,0.01,<0.01,mg/l,informe de laboratorio MA25-00260 p.2-3 ; resumido en respuesta a observaciones de Catamarca (sep-2025) Tablas 11-14 (se usan los valores del informe de laboratorio),PUNA-2025-02
CR,2025-02-12,cloruros,,8648.0,mg/L,,8648.0,mg/l,informe de laboratorio MA25-00260 p.2-3 ; resumido en respuesta a observaciones de Catamarca (sep-2025) Tablas 11-14 (se usan los valores del informe de laboratorio),PUNA-2025-02
CR,2025-02-12,cobalto,<,0.01,mg/L,0.01,<0.01,mg/l,informe de laboratorio MA25-00260 p.2-3 ; resumido en respuesta a observaciones de Catamarca (sep-2025) Tablas 11-14 (se usan los valores del informe de laboratorio),PUNA-2025-02
CR,2025-02-12,cobre,<,0.01,mg/L,0.01,<0.01,mg/l,informe de laboratorio MA25-00260 p.2-3 ; resumido en respuesta a observaciones de Catamarca (sep-2025) Tablas 11-14 (se usan los valores del informe de laboratorio),PUNA-2025-02
CR,2025-02-12,conductividad,,22951.0,µS/cm,,22951.0,uS/cm,informe de laboratorio MA25-00260 p.2-3 ; resumido en respuesta a observaciones de Catamarca (sep-2025) Tablas 11-14 (se usan los valores del informe de laboratorio),PUNA-2025-02
CR,2025-02-12,cromo,<,0.01,mg/L,0.01,<0.01,mg/l,informe de laboratorio MA25-00260 p.2-3 ; resumido en respuesta a observaciones de Catamarca (sep-2025) Tablas 11-14 (se usan los valores del informe de laboratorio),PUNA-2025-02
CR,2025-02-12,fluoruros,,1.09,mg/L,,1.09,mg/l,informe de laboratorio MA25-00260 p.2-3 ; resumido en respuesta a observaciones de Catamarca (sep-2025) Tablas 11-14 (se usan los valores del informe de laboratorio),PUNA-2025-02
CR,2025-02-12,hierro,,1.56,mg/L,,1.56,mg/l,informe de laboratorio MA25-00260 p.2-3 ; resumido en respuesta a observaciones de Catamarca (sep-2025) Tablas 11-14 (se usan los valores del informe de laboratorio),PUNA-2025-02
CR,2025-02-12,litio,,19.261,mg/L,,19.261,mg/l,informe de laboratorio MA25-00260 p.2-3 ; resumido en respuesta a observaciones de Catamarca (sep-2025) Tablas 11-14 (se usan los valores del informe de laboratorio),PUNA-2025-02
CR,2025-02-12,magnesio,,328.74,mg/L,,328.74,mg/l,informe de laboratorio MA25-00260 p.2-3 ; resumido en respuesta a observaciones de Catamarca (sep-2025) Tablas 11-14 (se usan los valores del informe de laboratorio),PUNA-2025-02
CR,2025-02-12,manganeso,,0.152,mg/L,,0.152,mg/l,informe de laboratorio MA25-00260 p.2-3 ; resumido en respuesta a observaciones de Catamarca (sep-2025) Tablas 11-14 (se usan los valores del informe de laboratorio),PUNA-2025-02
CR,2025-02-12,mercurio,<,0.0005,mg/L,0.0005,<0.0005,mg/l,informe de laboratorio MA25-00260 p.2-3 ; resumido en respuesta a observaciones de Catamarca (sep-2025) Tablas 11-14 (se usan los valores del informe de laboratorio),PUNA-2025-02
CR,2025-02-12,molibdeno,<,0.01,mg/L,0.01,<0.01,mg/l,informe de laboratorio MA25-00260 p.2-3 ; resumido en respuesta a observaciones de Catamarca (sep-2025) Tablas 11-14 (se usan los valores del informe de laboratorio),PUNA-2025-02
CR,2025-02-12,niquel,<,0.01,mg/L,0.01,<0.01,mg/l,informe de laboratorio MA25-00260 p.2-3 ; resumido en respuesta a observaciones de Catamarca (sep-2025) Tablas 11-14 (se usan los valores del informe de laboratorio),PUNA-2025-02
CR,2025-02-12,nitratos,,2.0,mg/L,,2,mg/l,informe de laboratorio MA25-00260 p.2-3 ; resumido en respuesta a observaciones de Catamarca (sep-2025) Tablas 11-14 (se usan los valores del informe de laboratorio),PUNA-2025-02
CR,2025-02-12,nitritos,<,0.04,mg/L,0.04,<0.04,mg/l,informe de laboratorio MA25-00260 p.2-3 ; resumido en respuesta a observaciones de Catamarca (sep-2025) Tablas 11-14 (se usan los valores del informe de laboratorio),PUNA-2025-02
CR,2025-02-12,ph,,7.8,upH,,7.8,Unidad de pH,informe de laboratorio MA25-00260 p.2-3 ; resumido en respuesta a observaciones de Catamarca (sep-2025) Tablas 11-14 (se usan los valores del informe de laboratorio),PUNA-2025-02
CR,2025-02-12,plata,<,0.01,mg/L,0.01,<0.01,mg/l,informe de laboratorio MA25-00260 p.2-3 ; resumido en respuesta a observaciones de Catamarca (sep-2025) Tablas 11-14 (se usan los valores del informe de laboratorio),PUNA-2025-02
CR,2025-02-12,plomo,<,0.01,mg/L,0.01,<0.01,mg/l,informe de laboratorio MA25-00260 p.2-3 ; resumido en respuesta a observaciones de Catamarca (sep-2025) Tablas 11-14 (se usan los valores del informe de laboratorio),PUNA-2025-02
CR,2025-02-12,potasio,,360.09,mg/L,,360.09,mg/l,informe de laboratorio MA25-00260 p.2-3 ; resumido en respuesta a observaciones de Catamarca (sep-2025) Tablas 11-14 (se usan los valores del informe de laboratorio),PUNA-2025-02
CR,2025-02-12,sdt,,15492.0,mg/L,,15492,mg/l,informe de laboratorio MA25-00260 p.2-3 ; resumido en respuesta a observaciones de Catamarca (sep-2025) Tablas 11-14 (se usan los valores del informe de laboratorio),PUNA-2025-02
CR,2025-02-12,selenio,,0.08,mg/L,,0.080,mg/l,informe de laboratorio MA25-00260 p.2-3 ; resumido en respuesta a observaciones de Catamarca (sep-2025) Tablas 11-14 (se usan los valores del informe de laboratorio),PUNA-2025-02
CR,2025-02-12,sodio,,4279.98,mg/L,,4279.98,mg/l,informe de laboratorio MA25-00260 p.2-3 ; resumido en respuesta a observaciones de Catamarca (sep-2025) Tablas 11-14 (se usan los valores del informe de laboratorio),PUNA-2025-02
CR,2025-02-12,sulfatos,,1074.0,mg/L,,1074,mg/l,informe de laboratorio MA25-00260 p.2-3 ; resumido en respuesta a observaciones de Catamarca (sep-2025) Tablas 11-14 (se usan los valores del informe de laboratorio),PUNA-2025-02
CR,2025-02-12,uranio,,0.016,mg/L,,0.016,mg/l,informe de laboratorio MA25-00260 p.2-3 ; resumido en respuesta a observaciones de Catamarca (sep-2025) Tablas 11-14 (se usan los valores del informe de laboratorio),PUNA-2025-02
CR,2025-02-12,vanadio,,0.025,mg/L,,0.025,mg/l,informe de laboratorio MA25-00260 p.2-3 ; resumido en respuesta a observaciones de Catamarca (sep-2025) Tablas 11-14 (se usan los valores del informe de laboratorio),PUNA-2025-02
CR,2025-02-12,zinc,,0.101,mg/L,,0.101,mg/l,informe de laboratorio MA25-00260 p.2-3 ; resumido en respuesta a observaciones de Catamarca (sep-2025) Tablas 11-14 (se usan los valores del informe de laboratorio),PUNA-2025-02
CR,2025-03-21,aluminio,,0.315,mg/L,,0.315,mg/l,informe de laboratorio MA25-00437 p.2-3 ; resumido en respuesta a observaciones de Catamarca (sep-2025) Tablas 11-14 (se usan los valores del informe de laboratorio),PUNA-2025-03
CR,2025-03-21,amonio,,0.1,mg/L,,0.10,mg/l,informe de laboratorio MA25-00437 p.2-3 ; resumido en respuesta a observaciones de Catamarca (sep-2025) Tablas 11-14 (se usan los valores del informe de laboratorio),PUNA-2025-03
CR,2025-03-21,antimonio,<,0.01,mg/L,0.01,<0.01,mg/l,informe de laboratorio MA25-00437 p.2-3 ; resumido en respuesta a observaciones de Catamarca (sep-2025) Tablas 11-14 (se usan los valores del informe de laboratorio),PUNA-2025-03
CR,2025-03-21,arsenico,,0.021,mg/L,,0.021,mg/l,informe de laboratorio MA25-00437 p.2-3 ; resumido en respuesta a observaciones de Catamarca (sep-2025) Tablas 11-14 (se usan los valores del informe de laboratorio),PUNA-2025-03
CR,2025-03-21,bario,,0.061,mg/L,,0.061,mg/l,informe de laboratorio MA25-00437 p.2-3 ; resumido en respuesta a observaciones de Catamarca (sep-2025) Tablas 11-14 (se usan los valores del informe de laboratorio),PUNA-2025-03
CR,2025-03-21,berilio,<,0.01,mg/L,0.01,<0.01,mg/l,informe de laboratorio MA25-00437 p.2-3 ; resumido en respuesta a observaciones de Catamarca (sep-2025) Tablas 11-14 (se usan los valores del informe de laboratorio),PUNA-2025-03
CR,2025-03-21,boro,,51.18,mg/L,,51.18,mg/l,informe de laboratorio MA25-00437 p.2-3 ; resumido en respuesta a observaciones de Catamarca (sep-2025) Tablas 11-14 (se usan los valores del informe de laboratorio),PUNA-2025-03
CR,2025-03-21,cadmio,<,0.01,mg/L,0.01,<0.01,mg/l,informe de laboratorio MA25-00437 p.2-3 ; resumido en respuesta a observaciones de Catamarca (sep-2025) Tablas 11-14 (se usan los valores del informe de laboratorio),PUNA-2025-03
CR,2025-03-21,calcio,,408.46,mg/L,,408.46,mg/l,informe de laboratorio MA25-00437 p.2-3 ; resumido en respuesta a observaciones de Catamarca (sep-2025) Tablas 11-14 (se usan los valores del informe de laboratorio),PUNA-2025-03
CR,2025-03-21,cianuro,<,0.01,mg/L,0.01,<0.01,mg/l,informe de laboratorio MA25-00437 p.2-3 ; resumido en respuesta a observaciones de Catamarca (sep-2025) Tablas 11-14 (se usan los valores del informe de laboratorio),PUNA-2025-03
CR,2025-03-21,cloruros,,3618.8,mg/L,,3618.8,mg/l,informe de laboratorio MA25-00437 p.2-3 ; resumido en respuesta a observaciones de Catamarca (sep-2025) Tablas 11-14 (se usan los valores del informe de laboratorio),PUNA-2025-03
CR,2025-03-21,cobalto,<,0.01,mg/L,0.01,<0.01,mg/l,informe de laboratorio MA25-00437 p.2-3 ; resumido en respuesta a observaciones de Catamarca (sep-2025) Tablas 11-14 (se usan los valores del informe de laboratorio),PUNA-2025-03
CR,2025-03-21,cobre,,0.062,mg/L,,0.062,mg/l,informe de laboratorio MA25-00437 p.2-3 ; resumido en respuesta a observaciones de Catamarca (sep-2025) Tablas 11-14 (se usan los valores del informe de laboratorio),PUNA-2025-03
CR,2025-03-21,conductividad,,11049.0,µS/cm,,11049.0,uS/cm,informe de laboratorio MA25-00437 p.2-3 ; resumido en respuesta a observaciones de Catamarca (sep-2025) Tablas 11-14 (se usan los valores del informe de laboratorio),PUNA-2025-03
CR,2025-03-21,cromo,<,0.01,mg/L,0.01,<0.01,mg/l,informe de laboratorio MA25-00437 p.2-3 ; resumido en respuesta a observaciones de Catamarca (sep-2025) Tablas 11-14 (se usan los valores del informe de laboratorio),PUNA-2025-03
CR,2025-03-21,fluoruros,,0.5,mg/L,,0.50,mg/l,informe de laboratorio MA25-00437 p.2-3 ; resumido en respuesta a observaciones de Catamarca (sep-2025) Tablas 11-14 (se usan los valores del informe de laboratorio),PUNA-2025-03
CR,2025-03-21,hierro,,1.12,mg/L,,1.12,mg/l,informe de laboratorio MA25-00437 p.2-3 ; resumido en respuesta a observaciones de Catamarca (sep-2025) Tablas 11-14 (se usan los valores del informe de laboratorio),PUNA-2025-03
CR,2025-03-21,litio,,12.313,mg/L,,12.313,mg/l,informe de laboratorio MA25-00437 p.2-3 ; resumido en respuesta a observaciones de Catamarca (sep-2025) Tablas 11-14 (se usan los valores del informe de laboratorio),PUNA-2025-03
CR,2025-03-21,magnesio,,180.83,mg/L,,180.83,mg/l,informe de laboratorio MA25-00437 p.2-3 ; resumido en respuesta a observaciones de Catamarca (sep-2025) Tablas 11-14 (se usan los valores del informe de laboratorio),PUNA-2025-03
CR,2025-03-21,manganeso,,0.095,mg/L,,0.095,mg/l,informe de laboratorio MA25-00437 p.2-3 ; resumido en respuesta a observaciones de Catamarca (sep-2025) Tablas 11-14 (se usan los valores del informe de laboratorio),PUNA-2025-03
CR,2025-03-21,mercurio,<,0.0005,mg/L,0.0005,<0.0005,mg/l,informe de laboratorio MA25-00437 p.2-3 ; resumido en respuesta a observaciones de Catamarca (sep-2025) Tablas 11-14 (se usan los valores del informe de laboratorio),PUNA-2025-03
CR,2025-03-21,molibdeno,<,0.01,mg/L,0.01,<0.01,mg/l,informe de laboratorio MA25-00437 p.2-3 ; resumido en respuesta a observaciones de Catamarca (sep-2025) Tablas 11-14 (se usan los valores del informe de laboratorio),PUNA-2025-03
CR,2025-03-21,niquel,<,0.01,mg/L,0.01,<0.01,mg/l,informe de laboratorio MA25-00437 p.2-3 ; resumido en respuesta a observaciones de Catamarca (sep-2025) Tablas 11-14 (se usan los valores del informe de laboratorio),PUNA-2025-03
CR,2025-03-21,nitratos,<,2.0,mg/L,2.0,<2,mg/l,informe de laboratorio MA25-00437 p.2-3 ; resumido en respuesta a observaciones de Catamarca (sep-2025) Tablas 11-14 (se usan los valores del informe de laboratorio),PUNA-2025-03
CR,2025-03-21,nitritos,<,0.04,mg/L,0.04,<0.04,mg/l,informe de laboratorio MA25-00437 p.2-3 ; resumido en respuesta a observaciones de Catamarca (sep-2025) Tablas 11-14 (se usan los valores del informe de laboratorio),PUNA-2025-03
CR,2025-03-21,ph,,8.0,upH,,8.0,Unidad de pH,informe de laboratorio MA25-00437 p.2-3 ; resumido en respuesta a observaciones de Catamarca (sep-2025) Tablas 11-14 (se usan los valores del informe de laboratorio),PUNA-2025-03
CR,2025-03-21,plata,<,0.01,mg/L,0.01,<0.01,mg/l,informe de laboratorio MA25-00437 p.2-3 ; resumido en respuesta a observaciones de Catamarca (sep-2025) Tablas 11-14 (se usan los valores del informe de laboratorio),PUNA-2025-03
CR,2025-03-21,plomo,<,0.01,mg/L,0.01,<0.01,mg/l,informe de laboratorio MA25-00437 p.2-3 ; resumido en respuesta a observaciones de Catamarca (sep-2025) Tablas 11-14 (se usan los valores del informe de laboratorio),PUNA-2025-03
CR,2025-03-21,potasio,,204.4,mg/L,,204.40,mg/l,informe de laboratorio MA25-00437 p.2-3 ; resumido en respuesta a observaciones de Catamarca (sep-2025) Tablas 11-14 (se usan los valores del informe de laboratorio),PUNA-2025-03
CR,2025-03-21,sdt,,7458.0,mg/L,,7458,mg/l,informe de laboratorio MA25-00437 p.2-3 ; resumido en respuesta a observaciones de Catamarca (sep-2025) Tablas 11-14 (se usan los valores del informe de laboratorio),PUNA-2025-03
CR,2025-03-21,selenio,,0.039,mg/L,,0.039,mg/l,informe de laboratorio MA25-00437 p.2-3 ; resumido en respuesta a observaciones de Catamarca (sep-2025) Tablas 11-14 (se usan los valores del informe de laboratorio),PUNA-2025-03
CR,2025-03-21,sodio,,3026.37,mg/L,,3026.37,mg/l,informe de laboratorio MA25-00437 p.2-3 ; resumido en respuesta a observaciones de Catamarca (sep-2025) Tablas 11-14 (se usan los valores del informe de laboratorio),PUNA-2025-03
CR,2025-03-21,sulfatos,,723.0,mg/L,,723,mg/l,informe de laboratorio MA25-00437 p.2-3 ; resumido en respuesta a observaciones de Catamarca (sep-2025) Tablas 11-14 (se usan los valores del informe de laboratorio),PUNA-2025-03
CR,2025-03-21,uranio,,0.01,mg/L,,0.010,mg/l,informe de laboratorio MA25-00437 p.2-3 ; resumido en respuesta a observaciones de Catamarca (sep-2025) Tablas 11-14 (se usan los valores del informe de laboratorio),PUNA-2025-03
CR,2025-03-21,vanadio,<,0.01,mg/L,0.01,<0.01,mg/l,informe de laboratorio MA25-00437 p.2-3 ; resumido en respuesta a observaciones de Catamarca (sep-2025) Tablas 11-14 (se usan los valores del informe de laboratorio),PUNA-2025-03
CR,2025-03-21,zinc,<,0.01,mg/L,0.01,<0.01,mg/l,informe de laboratorio MA25-00437 p.2-3 ; resumido en respuesta a observaciones de Catamarca (sep-2025) Tablas 11-14 (se usan los valores del informe de laboratorio),PUNA-2025-03
CR,2025-04-10,aluminio,,0.441,mg/L,,0.441,mg/l,informe de laboratorio MA25-00526 (Revisión 1) p.2-3 ; resumido en respuesta a observaciones de Catamarca (sep-2025) Tablas 11-14 (se usan los valores del informe de laboratorio),PUNA-2025-04
CR,2025-04-10,amonio,,0.13,mg/L,,0.13,mg/l,informe de laboratorio MA25-00526 (Revisión 1) p.2-3 ; resumido en respuesta a observaciones de Catamarca (sep-2025) Tablas 11-14 (se usan los valores del informe de laboratorio),PUNA-2025-04
CR,2025-04-10,antimonio,<,0.01,mg/L,0.01,<0.01,mg/l,informe de laboratorio MA25-00526 (Revisión 1) p.2-3 ; resumido en respuesta a observaciones de Catamarca (sep-2025) Tablas 11-14 (se usan los valores del informe de laboratorio),PUNA-2025-04
CR,2025-04-10,arsenico,,0.017,mg/L,,0.017,mg/l,informe de laboratorio MA25-00526 (Revisión 1) p.2-3 ; resumido en respuesta a observaciones de Catamarca (sep-2025) Tablas 11-14 (se usan los valores del informe de laboratorio),PUNA-2025-04
CR,2025-04-10,bario,,0.077,mg/L,,0.077,mg/l,informe de laboratorio MA25-00526 (Revisión 1) p.2-3 ; resumido en respuesta a observaciones de Catamarca (sep-2025) Tablas 11-14 (se usan los valores del informe de laboratorio),PUNA-2025-04
CR,2025-04-10,berilio,<,0.01,mg/L,0.01,<0.01,mg/l,informe de laboratorio MA25-00526 (Revisión 1) p.2-3 ; resumido en respuesta a observaciones de Catamarca (sep-2025) Tablas 11-14 (se usan los valores del informe de laboratorio),PUNA-2025-04
CR,2025-04-10,boro,,39.81,mg/L,,39.81,mg/l,informe de laboratorio MA25-00526 (Revisión 1) p.2-3 ; resumido en respuesta a observaciones de Catamarca (sep-2025) Tablas 11-14 (se usan los valores del informe de laboratorio),PUNA-2025-04
CR,2025-04-10,cadmio,<,0.01,mg/L,0.01,<0.01,mg/l,informe de laboratorio MA25-00526 (Revisión 1) p.2-3 ; resumido en respuesta a observaciones de Catamarca (sep-2025) Tablas 11-14 (se usan los valores del informe de laboratorio),PUNA-2025-04
CR,2025-04-10,calcio,,439.31,mg/L,,439.31,mg/l,informe de laboratorio MA25-00526 (Revisión 1) p.2-3 ; resumido en respuesta a observaciones de Catamarca (sep-2025) Tablas 11-14 (se usan los valores del informe de laboratorio),PUNA-2025-04
CR,2025-04-10,cianuro,<,0.01,mg/L,0.01,<0.01,mg/l,informe de laboratorio MA25-00526 (Revisión 1) p.2-3 ; resumido en respuesta a observaciones de Catamarca (sep-2025) Tablas 11-14 (se usan los valores del informe de laboratorio),PUNA-2025-04
CR,2025-04-10,cloruros,,3902.9,mg/L,,3902.9,mg/l,informe de laboratorio MA25-00526 (Revisión 1) p.2-3 ; resumido en respuesta a observaciones de Catamarca (sep-2025) Tablas 11-14 (se usan los valores del informe de laboratorio),PUNA-2025-04
CR,2025-04-10,cobalto,<,0.01,mg/L,0.01,<0.01,mg/l,informe de laboratorio MA25-00526 (Revisión 1) p.2-3 ; resumido en respuesta a observaciones de Catamarca (sep-2025) Tablas 11-14 (se usan los valores del informe de laboratorio),PUNA-2025-04
CR,2025-04-10,cobre,,0.155,mg/L,,0.155,mg/l,informe de laboratorio MA25-00526 (Revisión 1) p.2-3 ; resumido en respuesta a observaciones de Catamarca (sep-2025) Tablas 11-14 (se usan los valores del informe de laboratorio),PUNA-2025-04
CR,2025-04-10,conductividad,,12087.0,µS/cm,,12087.0,uS/cm,informe de laboratorio MA25-00526 (Revisión 1) p.2-3 ; resumido en respuesta a observaciones de Catamarca (sep-2025) Tablas 11-14 (se usan los valores del informe de laboratorio),PUNA-2025-04
CR,2025-04-10,cromo,<,0.01,mg/L,0.01,<0.01,mg/l,informe de laboratorio MA25-00526 (Revisión 1) p.2-3 ; resumido en respuesta a observaciones de Catamarca (sep-2025) Tablas 11-14 (se usan los valores del informe de laboratorio),PUNA-2025-04
CR,2025-04-10,fluoruros,,0.78,mg/L,,0.78,mg/l,informe de laboratorio MA25-00526 (Revisión 1) p.2-3 ; resumido en respuesta a observaciones de Catamarca (sep-2025) Tablas 11-14 (se usan los valores del informe de laboratorio),PUNA-2025-04
CR,2025-04-10,hierro,,1.81,mg/L,,1.81,mg/l,informe de laboratorio MA25-00526 (Revisión 1) p.2-3 ; resumido en respuesta a observaciones de Catamarca (sep-2025) Tablas 11-14 (se usan los valores del informe de laboratorio),PUNA-2025-04
CR,2025-04-10,litio,,10.133,mg/L,,10.133,mg/l,informe de laboratorio MA25-00526 (Revisión 1) p.2-3 ; resumido en respuesta a observaciones de Catamarca (sep-2025) Tablas 11-14 (se usan los valores del informe de laboratorio),PUNA-2025-04
CR,2025-04-10,magnesio,,188.72,mg/L,,188.72,mg/l,informe de laboratorio MA25-00526 (Revisión 1) p.2-3 ; resumido en respuesta a observaciones de Catamarca (sep-2025) Tablas 11-14 (se usan los valores del informe de laboratorio),PUNA-2025-04
CR,2025-04-10,manganeso,,0.166,mg/L,,0.166,mg/l,informe de laboratorio MA25-00526 (Revisión 1) p.2-3 ; resumido en respuesta a observaciones de Catamarca (sep-2025) Tablas 11-14 (se usan los valores del informe de laboratorio),PUNA-2025-04
CR,2025-04-10,mercurio,<,0.0005,mg/L,0.0005,<0.0005,mg/l,informe de laboratorio MA25-00526 (Revisión 1) p.2-3 ; resumido en respuesta a observaciones de Catamarca (sep-2025) Tablas 11-14 (se usan los valores del informe de laboratorio),PUNA-2025-04
CR,2025-04-10,molibdeno,<,0.01,mg/L,0.01,<0.01,mg/l,informe de laboratorio MA25-00526 (Revisión 1) p.2-3 ; resumido en respuesta a observaciones de Catamarca (sep-2025) Tablas 11-14 (se usan los valores del informe de laboratorio),PUNA-2025-04
CR,2025-04-10,niquel,<,0.01,mg/L,0.01,<0.01,mg/l,informe de laboratorio MA25-00526 (Revisión 1) p.2-3 ; resumido en respuesta a observaciones de Catamarca (sep-2025) Tablas 11-14 (se usan los valores del informe de laboratorio),PUNA-2025-04
CR,2025-04-10,nitratos,<,2.0,mg/L,2.0,<2,mg/l,informe de laboratorio MA25-00526 (Revisión 1) p.2-3 ; resumido en respuesta a observaciones de Catamarca (sep-2025) Tablas 11-14 (se usan los valores del informe de laboratorio),PUNA-2025-04
CR,2025-04-10,nitritos,<,0.04,mg/L,0.04,<0.04,mg/l,informe de laboratorio MA25-00526 (Revisión 1) p.2-3 ; resumido en respuesta a observaciones de Catamarca (sep-2025) Tablas 11-14 (se usan los valores del informe de laboratorio),PUNA-2025-04
CR,2025-04-10,ph,,8.1,upH,,8.1,Unidad de pH,informe de laboratorio MA25-00526 (Revisión 1) p.2-3 ; resumido en respuesta a observaciones de Catamarca (sep-2025) Tablas 11-14 (se usan los valores del informe de laboratorio),PUNA-2025-04
CR,2025-04-10,plata,<,0.01,mg/L,0.01,<0.01,mg/l,informe de laboratorio MA25-00526 (Revisión 1) p.2-3 ; resumido en respuesta a observaciones de Catamarca (sep-2025) Tablas 11-14 (se usan los valores del informe de laboratorio),PUNA-2025-04
CR,2025-04-10,plomo,<,0.01,mg/L,0.01,<0.01,mg/l,informe de laboratorio MA25-00526 (Revisión 1) p.2-3 ; resumido en respuesta a observaciones de Catamarca (sep-2025) Tablas 11-14 (se usan los valores del informe de laboratorio),PUNA-2025-04
CR,2025-04-10,potasio,,205.28,mg/L,,205.28,mg/l,informe de laboratorio MA25-00526 (Revisión 1) p.2-3 ; resumido en respuesta a observaciones de Catamarca (sep-2025) Tablas 11-14 (se usan los valores del informe de laboratorio),PUNA-2025-04
CR,2025-04-10,sdt,,7410.0,mg/L,,7410,mg/l,informe de laboratorio MA25-00526 (Revisión 1) p.2-3 ; resumido en respuesta a observaciones de Catamarca (sep-2025) Tablas 11-14 (se usan los valores del informe de laboratorio),PUNA-2025-04
CR,2025-04-10,selenio,,0.027,mg/L,,0.027,mg/l,informe de laboratorio MA25-00526 (Revisión 1) p.2-3 ; resumido en respuesta a observaciones de Catamarca (sep-2025) Tablas 11-14 (se usan los valores del informe de laboratorio),PUNA-2025-04
CR,2025-04-10,sodio,,2564.02,mg/L,,2564.02,mg/l,informe de laboratorio MA25-00526 (Revisión 1) p.2-3 ; resumido en respuesta a observaciones de Catamarca (sep-2025) Tablas 11-14 (se usan los valores del informe de laboratorio),PUNA-2025-04
CR,2025-04-10,sulfatos,,761.0,mg/L,,761,mg/l,informe de laboratorio MA25-00526 (Revisión 1) p.2-3 ; resumido en respuesta a observaciones de Catamarca (sep-2025) Tablas 11-14 (se usan los valores del informe de laboratorio),PUNA-2025-04
CR,2025-04-10,uranio,<,0.01,mg/L,0.01,<0.01,mg/l,informe de laboratorio MA25-00526 (Revisión 1) p.2-3 ; resumido en respuesta a observaciones de Catamarca (sep-2025) Tablas 11-14 (se usan los valores del informe de laboratorio),PUNA-2025-04
CR,2025-04-10,vanadio,<,0.01,mg/L,0.01,<0.01,mg/l,informe de laboratorio MA25-00526 (Revisión 1) p.2-3 ; resumido en respuesta a observaciones de Catamarca (sep-2025) Tablas 11-14 (se usan los valores del informe de laboratorio),PUNA-2025-04
CR,2025-04-10,zinc,,0.038,mg/L,,0.038,mg/l,informe de laboratorio MA25-00526 (Revisión 1) p.2-3 ; resumido en respuesta a observaciones de Catamarca (sep-2025) Tablas 11-14 (se usan los valores del informe de laboratorio),PUNA-2025-04
BQ,2025-04-24,aluminio,,0.063,mg/L,,0.063,mg/l,informe de laboratorio MA25-00580 p.2-3 ; resumido en respuesta a observaciones de Catamarca (sep-2025) Tablas 11-14 (se usan los valores del informe de laboratorio),PUNA-2025-04
BQ,2025-04-24,amonio,,5.65,mg/L,,5.65,mg/l,informe de laboratorio MA25-00580 p.2-3 ; resumido en respuesta a observaciones de Catamarca (sep-2025) Tablas 11-14 (se usan los valores del informe de laboratorio),PUNA-2025-04
BQ,2025-04-24,antimonio,<,0.01,mg/L,0.01,<0.01,mg/l,informe de laboratorio MA25-00580 p.2-3 ; resumido en respuesta a observaciones de Catamarca (sep-2025) Tablas 11-14 (se usan los valores del informe de laboratorio),PUNA-2025-04
BQ,2025-04-24,arsenico,,0.063,mg/L,,0.063,mg/l,informe de laboratorio MA25-00580 p.2-3 ; resumido en respuesta a observaciones de Catamarca (sep-2025) Tablas 11-14 (se usan los valores del informe de laboratorio),PUNA-2025-04
BQ,2025-04-24,bario,,0.164,mg/L,,0.164,mg/l,informe de laboratorio MA25-00580 p.2-3 ; resumido en respuesta a observaciones de Catamarca (sep-2025) Tablas 11-14 (se usan los valores del informe de laboratorio),PUNA-2025-04
BQ,2025-04-24,berilio,<,0.01,mg/L,0.01,<0.01,mg/l,informe de laboratorio MA25-00580 p.2-3 ; resumido en respuesta a observaciones de Catamarca (sep-2025) Tablas 11-14 (se usan los valores del informe de laboratorio),PUNA-2025-04
BQ,2025-04-24,boro,,98.47,mg/L,,98.47,mg/l,informe de laboratorio MA25-00580 p.2-3 ; resumido en respuesta a observaciones de Catamarca (sep-2025) Tablas 11-14 (se usan los valores del informe de laboratorio),PUNA-2025-04
BQ,2025-04-24,cadmio,<,0.01,mg/L,0.01,<0.01,mg/l,informe de laboratorio MA25-00580 p.2-3 ; resumido en respuesta a observaciones de Catamarca (sep-2025) Tablas 11-14 (se usan los valores del informe de laboratorio),PUNA-2025-04
BQ,2025-04-24,calcio,,210.04,mg/L,,210.04,mg/l,informe de laboratorio MA25-00580 p.2-3 ; resumido en respuesta a observaciones de Catamarca (sep-2025) Tablas 11-14 (se usan los valores del informe de laboratorio),PUNA-2025-04
BQ,2025-04-24,cianuro,<,0.01,mg/L,0.01,<0.01,mg/l,informe de laboratorio MA25-00580 p.2-3 ; resumido en respuesta a observaciones de Catamarca (sep-2025) Tablas 11-14 (se usan los valores del informe de laboratorio),PUNA-2025-04
BQ,2025-04-24,cloruros,,2238.3,mg/L,,2238.3,mg/l,informe de laboratorio MA25-00580 p.2-3 ; resumido en respuesta a observaciones de Catamarca (sep-2025) Tablas 11-14 (se usan los valores del informe de laboratorio),PUNA-2025-04
BQ,2025-04-24,cobalto,<,0.01,mg/L,0.01,<0.01,mg/l,informe de laboratorio MA25-00580 p.2-3 ; resumido en respuesta a observaciones de Catamarca (sep-2025) Tablas 11-14 (se usan los valores del informe de laboratorio),PUNA-2025-04
BQ,2025-04-24,cobre,,0.161,mg/L,,0.161,mg/l,informe de laboratorio MA25-00580 p.2-3 ; resumido en respuesta a observaciones de Catamarca (sep-2025) Tablas 11-14 (se usan los valores del informe de laboratorio),PUNA-2025-04
BQ,2025-04-24,conductividad,,8545.0,µS/cm,,8545.0,uS/cm,informe de laboratorio MA25-00580 p.2-3 ; resumido en respuesta a observaciones de Catamarca (sep-2025) Tablas 11-14 (se usan los valores del informe de laboratorio),PUNA-2025-04
BQ,2025-04-24,cromo,<,0.01,mg/L,0.01,<0.01,mg/l,informe de laboratorio MA25-00580 p.2-3 ; resumido en respuesta a observaciones de Catamarca (sep-2025) Tablas 11-14 (se usan los valores del informe de laboratorio),PUNA-2025-04
BQ,2025-04-24,fluoruros,,0.52,mg/L,,0.52,mg/l,informe de laboratorio MA25-00580 p.2-3 ; resumido en respuesta a observaciones de Catamarca (sep-2025) Tablas 11-14 (se usan los valores del informe de laboratorio),PUNA-2025-04
BQ,2025-04-24,hierro,,1.01,mg/L,,1.01,mg/l,informe de laboratorio MA25-00580 p.2-3 ; resumido en respuesta a observaciones de Catamarca (sep-2025) Tablas 11-14 (se usan los valores del informe de laboratorio),PUNA-2025-04
BQ,2025-04-24,litio,,19.445,mg/L,,19.445,mg/l,informe de laboratorio MA25-00580 p.2-3 ; resumido en respuesta a observaciones de Catamarca (sep-2025) Tablas 11-14 (se usan los valores del informe de laboratorio),PUNA-2025-04
BQ,2025-04-24,magnesio,,70.83,mg/L,,70.83,mg/l,informe de laboratorio MA25-00580 p.2-3 ; resumido en respuesta a observaciones de Catamarca (sep-2025) Tablas 11-14 (se usan los valores del informe de laboratorio),PUNA-2025-04
BQ,2025-04-24,manganeso,,0.137,mg/L,,0.137,mg/l,informe de laboratorio MA25-00580 p.2-3 ; resumido en respuesta a observaciones de Catamarca (sep-2025) Tablas 11-14 (se usan los valores del informe de laboratorio),PUNA-2025-04
BQ,2025-04-24,mercurio,<,0.0005,mg/L,0.0005,<0.0005,mg/l,informe de laboratorio MA25-00580 p.2-3 ; resumido en respuesta a observaciones de Catamarca (sep-2025) Tablas 11-14 (se usan los valores del informe de laboratorio),PUNA-2025-04
BQ,2025-04-24,molibdeno,<,0.01,mg/L,0.01,<0.01,mg/l,informe de laboratorio MA25-00580 p.2-3 ; resumido en respuesta a observaciones de Catamarca (sep-2025) Tablas 11-14 (se usan los valores del informe de laboratorio),PUNA-2025-04
BQ,2025-04-24,niquel,<,0.01,mg/L,0.01,<0.01,mg/l,informe de laboratorio MA25-00580 p.2-3 ; resumido en respuesta a observaciones de Catamarca (sep-2025) Tablas 11-14 (se usan los valores del informe de laboratorio),PUNA-2025-04
BQ,2025-04-24,nitratos,,24.0,mg/L,,24,mg/l,informe de laboratorio MA25-00580 p.2-3 ; resumido en respuesta a observaciones de Catamarca (sep-2025) Tablas 11-14 (se usan los valores del informe de laboratorio),PUNA-2025-04
BQ,2025-04-24,nitritos,<,0.04,mg/L,0.04,<0.04,mg/l,informe de laboratorio MA25-00580 p.2-3 ; resumido en respuesta a observaciones de Catamarca (sep-2025) Tablas 11-14 (se usan los valores del informe de laboratorio),PUNA-2025-04
BQ,2025-04-24,ph,,7.9,upH,,7.9,Unidad de pH,informe de laboratorio MA25-00580 p.2-3 ; resumido en respuesta a observaciones de Catamarca (sep-2025) Tablas 11-14 (se usan los valores del informe de laboratorio),PUNA-2025-04
BQ,2025-04-24,plata,<,0.01,mg/L,0.01,<0.01,mg/l,informe de laboratorio MA25-00580 p.2-3 ; resumido en respuesta a observaciones de Catamarca (sep-2025) Tablas 11-14 (se usan los valores del informe de laboratorio),PUNA-2025-04
BQ,2025-04-24,plomo,<,0.01,mg/L,0.01,<0.01,mg/l,informe de laboratorio MA25-00580 p.2-3 ; resumido en respuesta a observaciones de Catamarca (sep-2025) Tablas 11-14 (se usan los valores del informe de laboratorio),PUNA-2025-04
BQ,2025-04-24,potasio,,258.21,mg/L,,258.21,mg/l,informe de laboratorio MA25-00580 p.2-3 ; resumido en respuesta a observaciones de Catamarca (sep-2025) Tablas 11-14 (se usan los valores del informe de laboratorio),PUNA-2025-04
BQ,2025-04-24,sdt,,5768.0,mg/L,,5768,mg/l,informe de laboratorio MA25-00580 p.2-3 ; resumido en respuesta a observaciones de Catamarca (sep-2025) Tablas 11-14 (se usan los valores del informe de laboratorio),PUNA-2025-04
BQ,2025-04-24,selenio,,0.039,mg/L,,0.039,mg/l,informe de laboratorio MA25-00580 p.2-3 ; resumido en respuesta a observaciones de Catamarca (sep-2025) Tablas 11-14 (se usan los valores del informe de laboratorio),PUNA-2025-04
BQ,2025-04-24,sodio,,2046.25,mg/L,,2046.25,mg/l,informe de laboratorio MA25-00580 p.2-3 ; resumido en respuesta a observaciones de Catamarca (sep-2025) Tablas 11-14 (se usan los valores del informe de laboratorio),PUNA-2025-04
BQ,2025-04-24,sulfatos,,66.0,mg/L,,66,mg/l,informe de laboratorio MA25-00580 p.2-3 ; resumido en respuesta a observaciones de Catamarca (sep-2025) Tablas 11-14 (se usan los valores del informe de laboratorio),PUNA-2025-04
BQ,2025-04-24,uranio,,0.011,mg/L,,0.011,mg/l,informe de laboratorio MA25-00580 p.2-3 ; resumido en respuesta a observaciones de Catamarca (sep-2025) Tablas 11-14 (se usan los valores del informe de laboratorio),PUNA-2025-04
BQ,2025-04-24,vanadio,<,0.01,mg/L,0.01,<0.01,mg/l,informe de laboratorio MA25-00580 p.2-3 ; resumido en respuesta a observaciones de Catamarca (sep-2025) Tablas 11-14 (se usan los valores del informe de laboratorio),PUNA-2025-04
BQ,2025-04-24,zinc,,0.046,mg/L,,0.046,mg/l,informe de laboratorio MA25-00580 p.2-3 ; resumido en respuesta a observaciones de Catamarca (sep-2025) Tablas 11-14 (se usan los valores del informe de laboratorio),PUNA-2025-04
